"example","name","resources","sev","subscriptionId"
"/subscriptions/cf6841bb-b70c-4d55-a489-2d53855e78b5/providers/microsoft.security/pricings/cloudposture/securityentitydata/d8bd0d83-8116-4b58-a1aa-7ec71f96c28f","Guest accounts with write permissions on Azure resources should be removed",53,"High","cf6841bb-b70c-4d55-a489-2d53855e78b5"
"/subscriptions/cf6841bb-b70c-4d55-a489-2d53855e78b5/resourcegroups/staging/providers/microsoft.web/sites/k12-stage-integration","App Service apps should have authentication enabled",30,"High","cf6841bb-b70c-4d55-a489-2d53855e78b5"
"/subscriptions/cf6841bb-b70c-4d55-a489-2d53855e78b5/resourcegroups/staging/providers/microsoft.containerregistry/registries/stagingk12acr/securityentitydata/repositories-k12-ado-runner-images-sha256:8b66eae7edf80e40da608a7c7f12df9e33b30d5b5b99c81481f7e2268ec5d96a","Update libmount1",21,"High","cf6841bb-b70c-4d55-a489-2d53855e78b5"
"/subscriptions/cf6841bb-b70c-4d55-a489-2d53855e78b5/resourcegroups/development/providers/microsoft.app/containerapps/k12-querybuilder-gateway___k12-querybuilder-gateway","Update openssl",21,"High","cf6841bb-b70c-4d55-a489-2d53855e78b5"
"/subscriptions/cf6841bb-b70c-4d55-a489-2d53855e78b5/resourcegroups/testing/providers/microsoft.containerregistry/registries/testingk12acr/securityentitydata/repositories-k12-ado-runner-images-sha256:06bd3e4ecd691a338cc70472114f71e21270fe6b9be8b8516c6b2ae8c5808d2e","Update perl-base",21,"High","cf6841bb-b70c-4d55-a489-2d53855e78b5"
"/subscriptions/cf6841bb-b70c-4d55-a489-2d53855e78b5/resourcegroups/testing/providers/microsoft.containerregistry/registries/testingk12acr/securityentitydata/repositories-k12-ado-runner-images-sha256:06bd3e4ecd691a338cc70472114f71e21270fe6b9be8b8516c6b2ae8c5808d2e","Update mount",21,"High","cf6841bb-b70c-4d55-a489-2d53855e78b5"
"/subscriptions/cf6841bb-b70c-4d55-a489-2d53855e78b5/resourcegroups/testing/providers/microsoft.containerregistry/registries/testingk12acr/securityentitydata/repositories-k12-ado-runner-images-sha256:5648b0eddc2166f9e6464eb069433a479a7322e02e6c608e970ea4e7a74acd58","Update libattr1",21,"High","cf6841bb-b70c-4d55-a489-2d53855e78b5"
"/subscriptions/cf6841bb-b70c-4d55-a489-2d53855e78b5/resourcegroups/staging/providers/microsoft.containerregistry/registries/stagingk12acr/securityentitydata/repositories-k12-ado-runner-images-sha256:8b66eae7edf80e40da608a7c7f12df9e33b30d5b5b99c81481f7e2268ec5d96a","Update libblkid1",21,"High","cf6841bb-b70c-4d55-a489-2d53855e78b5"
"/subscriptions/cf6841bb-b70c-4d55-a489-2d53855e78b5/resourcegroups/testing/providers/microsoft.containerregistry/registries/testingk12acr/securityentitydata/repositories-k12-ado-runner-images-sha256:06bd3e4ecd691a338cc70472114f71e21270fe6b9be8b8516c6b2ae8c5808d2e","Update libsmartcols1",21,"High","cf6841bb-b70c-4d55-a489-2d53855e78b5"
"/subscriptions/cf6841bb-b70c-4d55-a489-2d53855e78b5/resourcegroups/testing/providers/microsoft.containerregistry/registries/testingk12acr/securityentitydata/repositories-k12-ado-runner-images-sha256:06bd3e4ecd691a338cc70472114f71e21270fe6b9be8b8516c6b2ae8c5808d2e","Update libuuid1",21,"High","cf6841bb-b70c-4d55-a489-2d53855e78b5"
"/subscriptions/cf6841bb-b70c-4d55-a489-2d53855e78b5/resourcegroups/testing/providers/microsoft.containerregistry/registries/testingk12acr/securityentitydata/repositories-k12-ado-runner-images-sha256:06bd3e4ecd691a338cc70472114f71e21270fe6b9be8b8516c6b2ae8c5808d2e","Update util-linux",21,"High","cf6841bb-b70c-4d55-a489-2d53855e78b5"
"/subscriptions/cf6841bb-b70c-4d55-a489-2d53855e78b5/resourcegroups/staging/providers/microsoft.containerregistry/registries/stagingk12acr/securityentitydata/repositories-k12-ado-runner-images-sha256:8b66eae7edf80e40da608a7c7f12df9e33b30d5b5b99c81481f7e2268ec5d96a","Update bsdutils",21,"High","cf6841bb-b70c-4d55-a489-2d53855e78b5"
"/subscriptions/cf6841bb-b70c-4d55-a489-2d53855e78b5/providers/microsoft.security/pricings/cloudposture/securityentitydata/c877e36d-dfab-4b1f-93d3-bbf251d04ded","Privileged roles should not have permanent access at the subscription and resource group level",19,"High","cf6841bb-b70c-4d55-a489-2d53855e78b5"
"/subscriptions/cf6841bb-b70c-4d55-a489-2d53855e78b5/resourcegroups/development/providers/microsoft.containerregistry/registries/developmentk12acr/securityentitydata/repositories-k12-ado-runner-images-sha256:a9d58c5235896c6d5fd40567088f1963c7e7f1b6cf5c9d85da410d50bf96d91f","Update libc6",18,"High","cf6841bb-b70c-4d55-a489-2d53855e78b5"
"/subscriptions/cf6841bb-b70c-4d55-a489-2d53855e78b5/resourcegroups/development/providers/microsoft.app/containerapps/k12-querybuilder-api","Authentication should be enabled on Azure Container Apps",18,"High","cf6841bb-b70c-4d55-a489-2d53855e78b5"
"/subscriptions/cf6841bb-b70c-4d55-a489-2d53855e78b5/resourcegroups/development/providers/microsoft.containerregistry/registries/developmentk12acr/securityentitydata/repositories-k12-ado-runner-images-sha256:a9d58c5235896c6d5fd40567088f1963c7e7f1b6cf5c9d85da410d50bf96d91f","Update libc-bin",18,"High","cf6841bb-b70c-4d55-a489-2d53855e78b5"
"/subscriptions/cf6841bb-b70c-4d55-a489-2d53855e78b5/resourcegroups/development/providers/microsoft.containerregistry/registries/developmentk12acr/securityentitydata/repositories-k12-querybuilder-gateway-images-sha256:0a009f04620ab25d438d9ce88f7a70c5e282e3de46a6bfebb3b12ba9703db55d","Update libssl3t64",16,"High","cf6841bb-b70c-4d55-a489-2d53855e78b5"
"/subscriptions/cf6841bb-b70c-4d55-a489-2d53855e78b5/resourcegroups/testing/providers/microsoft.containerregistry/registries/testingk12acr/securityentitydata/repositories-k12-ado-runner-images-sha256:06bd3e4ecd691a338cc70472114f71e21270fe6b9be8b8516c6b2ae8c5808d2e","Update perl",15,"High","cf6841bb-b70c-4d55-a489-2d53855e78b5"
"/subscriptions/cf6841bb-b70c-4d55-a489-2d53855e78b5/resourcegroups/development/providers/microsoft.containerregistry/registries/developmentk12acr/securityentitydata/repositories-k12-ado-runner-images-sha256:8b66eae7edf80e40da608a7c7f12df9e33b30d5b5b99c81481f7e2268ec5d96a","Update cryptography",15,"High","cf6841bb-b70c-4d55-a489-2d53855e78b5"
"/subscriptions/cf6841bb-b70c-4d55-a489-2d53855e78b5/resourcegroups/testing/providers/microsoft.containerregistry/registries/testingk12acr/securityentitydata/repositories-k12-ado-runner-images-sha256:8b66eae7edf80e40da608a7c7f12df9e33b30d5b5b99c81481f7e2268ec5d96a","Update curl",15,"High","cf6841bb-b70c-4d55-a489-2d53855e78b5"
"/subscriptions/cf6841bb-b70c-4d55-a489-2d53855e78b5/resourcegroups/development/providers/microsoft.app/containerapps/k12-querybuilder-gateway___k12-querybuilder-gateway","Update microsoft.netcore.app.runtime.linux-x64",12,"High","cf6841bb-b70c-4d55-a489-2d53855e78b5"
"/subscriptions/cf6841bb-b70c-4d55-a489-2d53855e78b5/resourcegroups/testing/providers/microsoft.containerregistry/registries/testingk12acr/securityentitydata/repositories-k12-ado-runner-images-sha256:06bd3e4ecd691a338cc70472114f71e21270fe6b9be8b8516c6b2ae8c5808d2e","Update libperl5.38t64",10,"High","cf6841bb-b70c-4d55-a489-2d53855e78b5"
"/subscriptions/cf6841bb-b70c-4d55-a489-2d53855e78b5/resourcegroups/testing/providers/microsoft.containerregistry/registries/testingk12acr/securityentitydata/repositories-k12-ado-runner-images-sha256:06bd3e4ecd691a338cc70472114f71e21270fe6b9be8b8516c6b2ae8c5808d2e","Update perl-modules-5.38",10,"High","cf6841bb-b70c-4d55-a489-2d53855e78b5"
"/subscriptions/cf6841bb-b70c-4d55-a489-2d53855e78b5/resourcegroups/testing/providers/microsoft.containerregistry/registries/testingk12acr/securityentitydata/repositories-k12-ado-runner-images-sha256:8b66eae7edf80e40da608a7c7f12df9e33b30d5b5b99c81481f7e2268ec5d96a","Update libcurl4t64",10,"High","cf6841bb-b70c-4d55-a489-2d53855e78b5"
"/subscriptions/cf6841bb-b70c-4d55-a489-2d53855e78b5/resourcegroups/testing/providers/microsoft.containerregistry/registries/testingk12acr/securityentitydata/repositories-k12-ado-runner-images-sha256:8b66eae7edf80e40da608a7c7f12df9e33b30d5b5b99c81481f7e2268ec5d96a","Update libcurl3t64-gnutls",10,"High","cf6841bb-b70c-4d55-a489-2d53855e78b5"
"/subscriptions/cf6841bb-b70c-4d55-a489-2d53855e78b5/resourcegroups/development/providers/microsoft.containerregistry/registries/developmentk12acr/securityentitydata/repositories-k12-ado-runner-images-sha256:8b66eae7edf80e40da608a7c7f12df9e33b30d5b5b99c81481f7e2268ec5d96a","Update system.security.cryptography.xml",10,"High","cf6841bb-b70c-4d55-a489-2d53855e78b5"
"/subscriptions/cf6841bb-b70c-4d55-a489-2d53855e78b5/resourcegroups/k12-infra/providers/microsoft.keyvault/vaults/k12-rds-integration","Key Vault secrets should have an expiration date",7,"High","cf6841bb-b70c-4d55-a489-2d53855e78b5"
"/subscriptions/cf6841bb-b70c-4d55-a489-2d53855e78b5/resourcegroups/development/providers/microsoft.containerregistry/registries/developmentk12acr/securityentitydata/repositories-k12-ado-runner-images-sha256:8b66eae7edf80e40da608a7c7f12df9e33b30d5b5b99c81481f7e2268ec5d96a","Update system.formats.asn1",7,"High","cf6841bb-b70c-4d55-a489-2d53855e78b5"
"/subscriptions/cf6841bb-b70c-4d55-a489-2d53855e78b5/resourcegroups/development/providers/microsoft.containerregistry/registries/developmentk12acr/securityentitydata/repositories-k12-ado-runner-images-sha256:8b66eae7edf80e40da608a7c7f12df9e33b30d5b5b99c81481f7e2268ec5d96a","Update system.io.packaging",7,"High","cf6841bb-b70c-4d55-a489-2d53855e78b5"
"/subscriptions/cf6841bb-b70c-4d55-a489-2d53855e78b5/resourcegroups/development/providers/microsoft.containerregistry/registries/developmentk12acr/securityentitydata/repositories-k12-ado-runner-images-sha256:8b66eae7edf80e40da608a7c7f12df9e33b30d5b5b99c81481f7e2268ec5d96a","Update system.text.json",7,"High","cf6841bb-b70c-4d55-a489-2d53855e78b5"
"/subscriptions/cf6841bb-b70c-4d55-a489-2d53855e78b5/resourcegroups/staging/providers/microsoft.containerregistry/registries/stagingk12acr/securityentitydata/repositories-k12-ado-runner-images-sha256:5648b0eddc2166f9e6464eb069433a479a7322e02e6c608e970ea4e7a74acd58","Update perl-modules-5.34",5,"High","cf6841bb-b70c-4d55-a489-2d53855e78b5"
"/subscriptions/cf6841bb-b70c-4d55-a489-2d53855e78b5/resourcegroups/staging/providers/microsoft.containerregistry/registries/stagingk12acr/securityentitydata/repositories-k12-ado-runner-images-sha256:5648b0eddc2166f9e6464eb069433a479a7322e02e6c608e970ea4e7a74acd58","Update libperl5.34",5,"High","cf6841bb-b70c-4d55-a489-2d53855e78b5"
"/subscriptions/cf6841bb-b70c-4d55-a489-2d53855e78b5/resourcegroups/development/providers/microsoft.containerregistry/registries/developmentk12acr/securityentitydata/repositories-k12-ado-runner-images-sha256:a9d58c5235896c6d5fd40567088f1963c7e7f1b6cf5c9d85da410d50bf96d91f","Update libpython3.10-minimal",5,"High","cf6841bb-b70c-4d55-a489-2d53855e78b5"
"/subscriptions/cf6841bb-b70c-4d55-a489-2d53855e78b5/resourcegroups/development/providers/microsoft.containerregistry/registries/developmentk12acr/securityentitydata/repositories-k12-ado-runner-images-sha256:a9d58c5235896c6d5fd40567088f1963c7e7f1b6cf5c9d85da410d50bf96d91f","Update libpython3.10-stdlib",5,"High","cf6841bb-b70c-4d55-a489-2d53855e78b5"
"/subscriptions/cf6841bb-b70c-4d55-a489-2d53855e78b5/resourcegroups/development/providers/microsoft.containerregistry/registries/developmentk12acr/securityentitydata/repositories-k12-ado-runner-images-sha256:a9d58c5235896c6d5fd40567088f1963c7e7f1b6cf5c9d85da410d50bf96d91f","Update python3.10",5,"High","cf6841bb-b70c-4d55-a489-2d53855e78b5"
"/subscriptions/cf6841bb-b70c-4d55-a489-2d53855e78b5/resourcegroups/development/providers/microsoft.containerregistry/registries/developmentk12acr/securityentitydata/repositories-k12-ado-runner-images-sha256:a9d58c5235896c6d5fd40567088f1963c7e7f1b6cf5c9d85da410d50bf96d91f","Update python3.10-minimal",5,"High","cf6841bb-b70c-4d55-a489-2d53855e78b5"
"/subscriptions/cf6841bb-b70c-4d55-a489-2d53855e78b5/resourcegroups/development/providers/microsoft.containerregistry/registries/developmentk12acr/securityentitydata/repositories-k12-ado-runner-images-sha256:a9d58c5235896c6d5fd40567088f1963c7e7f1b6cf5c9d85da410d50bf96d91f","Update pyjwt",5,"High","cf6841bb-b70c-4d55-a489-2d53855e78b5"
"/subscriptions/cf6841bb-b70c-4d55-a489-2d53855e78b5/providers/microsoft.security/pricings/cloudposture/securityentitydata/ba1d8390-c1b1-4f4c-bfb2-b818db14fbf6","Service Principals should not be assigned with administrative roles at the subscription and resource group level",5,"High","cf6841bb-b70c-4d55-a489-2d53855e78b5"
"/subscriptions/cf6841bb-b70c-4d55-a489-2d53855e78b5/resourcegroups/staging/providers/microsoft.containerregistry/registries/stagingk12acr/securityentitydata/repositories-k12-ado-runner-images-sha256:5648b0eddc2166f9e6464eb069433a479a7322e02e6c608e970ea4e7a74acd58","Update libssl3",5,"High","cf6841bb-b70c-4d55-a489-2d53855e78b5"
"/subscriptions/cf6841bb-b70c-4d55-a489-2d53855e78b5/resourcegroups/development/providers/microsoft.containerregistry/registries/developmentk12acr/securityentitydata/repositories-k12-ado-runner-images-sha256:a9d58c5235896c6d5fd40567088f1963c7e7f1b6cf5c9d85da410d50bf96d91f","Update libsqlite3-0",5,"High","cf6841bb-b70c-4d55-a489-2d53855e78b5"
"/subscriptions/cf6841bb-b70c-4d55-a489-2d53855e78b5/resourcegroups/development/providers/microsoft.containerregistry/registries/developmentk12acr/securityentitydata/repositories-k12-ado-runner-images-sha256:a9d58c5235896c6d5fd40567088f1963c7e7f1b6cf5c9d85da410d50bf96d91f","Update libasound2-data",5,"High","cf6841bb-b70c-4d55-a489-2d53855e78b5"
"/subscriptions/cf6841bb-b70c-4d55-a489-2d53855e78b5/resourcegroups/development/providers/microsoft.containerregistry/registries/developmentk12acr/securityentitydata/repositories-k12-ado-runner-images-sha256:a9d58c5235896c6d5fd40567088f1963c7e7f1b6cf5c9d85da410d50bf96d91f","Update libcurl3-gnutls",5,"High","cf6841bb-b70c-4d55-a489-2d53855e78b5"
"/subscriptions/cf6841bb-b70c-4d55-a489-2d53855e78b5/resourcegroups/development/providers/microsoft.containerregistry/registries/developmentk12acr/securityentitydata/repositories-k12-ado-runner-images-sha256:a9d58c5235896c6d5fd40567088f1963c7e7f1b6cf5c9d85da410d50bf96d91f","Update libcurl4",5,"High","cf6841bb-b70c-4d55-a489-2d53855e78b5"
"/subscriptions/cf6841bb-b70c-4d55-a489-2d53855e78b5/resourcegroups/development/providers/microsoft.app/containerapps/k12-querybuilder-gateway___k12-querybuilder-gateway","Update microsoft.openapi",4,"High","cf6841bb-b70c-4d55-a489-2d53855e78b5"
"/subscriptions/cf6841bb-b70c-4d55-a489-2d53855e78b5/resourcegroups/development/providers/microsoft.sql/servers/development-api-replic/databases/k12","Minimal set of principals should be members of fixed high impact database roles in SQL databases",4,"High","cf6841bb-b70c-4d55-a489-2d53855e78b5"
"/subscriptions/cf6841bb-b70c-4d55-a489-2d53855e78b5/resourcegroups/development/providers/microsoft.containerregistry/registries/developmentk12acr/securityentitydata/repositories-k12-ado-runner-images-sha256:a9d58c5235896c6d5fd40567088f1963c7e7f1b6cf5c9d85da410d50bf96d91f","Update libasound2",4,"High","cf6841bb-b70c-4d55-a489-2d53855e78b5"
"/subscriptions/cf6841bb-b70c-4d55-a489-2d53855e78b5/resourcegroups/development/providers/microsoft.containerregistry/registries/developmentk12acr/securityentitydata/repositories-k12-ado-runner-images-sha256:a9d58c5235896c6d5fd40567088f1963c7e7f1b6cf5c9d85da410d50bf96d91f","Update libxml2",4,"High","cf6841bb-b70c-4d55-a489-2d53855e78b5"
"/subscriptions/cf6841bb-b70c-4d55-a489-2d53855e78b5/resourcegroups/development/providers/microsoft.sql/servers/development-api-replic/databases/k12","Database owners should be as expected for SQL databases",4,"High","cf6841bb-b70c-4d55-a489-2d53855e78b5"
"/subscriptions/cf6841bb-b70c-4d55-a489-2d53855e78b5/resourcegroups/development/providers/microsoft.containerregistry/registries/developmentk12acr/securityentitydata/repositories-k12-ado-runner-images-sha256:a9d58c5235896c6d5fd40567088f1963c7e7f1b6cf5c9d85da410d50bf96d91f","Update libnss3",4,"High","cf6841bb-b70c-4d55-a489-2d53855e78b5"
"/subscriptions/cf6841bb-b70c-4d55-a489-2d53855e78b5/resourcegroups/development/providers/microsoft.containerregistry/registries/developmentk12acr/securityentitydata/repositories-k12-ado-runner-images-sha256:a9d58c5235896c6d5fd40567088f1963c7e7f1b6cf5c9d85da410d50bf96d91f","Update libgraphite2-3",4,"High","cf6841bb-b70c-4d55-a489-2d53855e78b5"
"/subscriptions/cf6841bb-b70c-4d55-a489-2d53855e78b5/resourcegroups/development/providers/microsoft.sql/servers/development-api-replic/databases/master","Server-level firewall rules should be tracked and maintained at a strict minimum on SQL Servers",4,"High","cf6841bb-b70c-4d55-a489-2d53855e78b5"
"/subscriptions/cf6841bb-b70c-4d55-a489-2d53855e78b5/resourcegroups/development/providers/microsoft.app/containerapps/k12-querybuilder-gateway","Azure Container Apps should not be exposed to the public internet unless required",4,"High","cf6841bb-b70c-4d55-a489-2d53855e78b5"
"/subscriptions/cf6841bb-b70c-4d55-a489-2d53855e78b5/providers/microsoft.security/pricings/cloudposture/securityentitydata/f436ae07-6d71-4bb6-9657-4f55031bafba","Guest accounts with owner permissions on Azure resources should be removed",4,"High","cf6841bb-b70c-4d55-a489-2d53855e78b5"
"/subscriptions/cf6841bb-b70c-4d55-a489-2d53855e78b5/resourcegroups/staging/providers/microsoft.web/sites/k12-stage-gateway","Managed identity should be enabled on web apps",2,"High","cf6841bb-b70c-4d55-a489-2d53855e78b5"
"/subscriptions/cf6841bb-b70c-4d55-a489-2d53855e78b5/resourcegroups/staging/providers/microsoft.sql/servers/staging-api-enrollment/databases/master","Auditing should be enabled at the server level for SQL Servers",2,"High","cf6841bb-b70c-4d55-a489-2d53855e78b5"
"/subscriptions/cf6841bb-b70c-4d55-a489-2d53855e78b5/providers/microsoft.security/pricings/cloudposture/securityentitydata/39f2f308-1ff3-4715-9cff-64e980a1bb93","Disabled accounts with read and write permissions on Azure resources should be removed",2,"High","cf6841bb-b70c-4d55-a489-2d53855e78b5"
"/subscriptions/cf6841bb-b70c-4d55-a489-2d53855e78b5/resourcegroups/development/providers/microsoft.dbforpostgresql/flexibleservers/development-k12-postgres","'Allow access to Azure services' should be disabled for PostgreSQL Servers",1,"High","cf6841bb-b70c-4d55-a489-2d53855e78b5"
"/subscriptions/cf6841bb-b70c-4d55-a489-2d53855e78b5/resourcegroups/development/providers/microsoft.dbforpostgresql/flexibleservers/development-k12-postgres","pgaudit.log should include role, ddl, and misc for Azure Database for PostgreSQL Servers",1,"High","cf6841bb-b70c-4d55-a489-2d53855e78b5"
"/subscriptions/cf6841bb-b70c-4d55-a489-2d53855e78b5/resourcegroups/development/providers/microsoft.containerregistry/registries/developmentk12acr/securityentitydata/repositories-k12-ado-runner-images-sha256:cde58be6a0312a0b35aecbe56437c7d3caa1f6203a438ebc9e20feb2da858938","Update microsoft.netcore.app.runtime.linux-arm64",1,"High","cf6841bb-b70c-4d55-a489-2d53855e78b5"
"/subscriptions/cf6841bb-b70c-4d55-a489-2d53855e78b5","Microsoft Defender for Containers should be enabled",1,"High","cf6841bb-b70c-4d55-a489-2d53855e78b5"
"/subscriptions/cf6841bb-b70c-4d55-a489-2d53855e78b5/resourcegroups/development/providers/microsoft.containerregistry/registries/developmentk12acr/securityentitydata/repositories-k12-ado-runner-images-sha256:4fe52b359125bbbc6e9d5c2079de9e2793c1d37bef61a62a1150d32719fda23c","Update libasound2t64",1,"High","cf6841bb-b70c-4d55-a489-2d53855e78b5"
"/subscriptions/cf6841bb-b70c-4d55-a489-2d53855e78b5/resourcegroups/development/providers/microsoft.containerregistry/registries/developmentk12acr/securityentitydata/repositories-k12-ado-runner-images-sha256:4fe52b359125bbbc6e9d5c2079de9e2793c1d37bef61a62a1150d32719fda23c","Update wget",1,"High","cf6841bb-b70c-4d55-a489-2d53855e78b5"
"/subscriptions/cf6841bb-b70c-4d55-a489-2d53855e78b5/resourcegroups/development/providers/microsoft.dbforpostgresql/flexibleservers/development-k12-postgres","Private endpoint should be configured for Azure Database for PostgreSQL Servers",1,"High","cf6841bb-b70c-4d55-a489-2d53855e78b5"
"/subscriptions/cf6841bb-b70c-4d55-a489-2d53855e78b5","A maximum of 3 owners should be designated for subscriptions",1,"High","cf6841bb-b70c-4d55-a489-2d53855e78b5"
"/subscriptions/cf6841bb-b70c-4d55-a489-2d53855e78b5","Microsoft Defender for Resource Manager should be enabled",1,"High","cf6841bb-b70c-4d55-a489-2d53855e78b5"
"/subscriptions/cf6841bb-b70c-4d55-a489-2d53855e78b5/resourcegroups/staging/providers/microsoft.web/sites/k12-stage-admin","App Service apps should enable configuration routing to Azure Virtual Network",30,"Low","cf6841bb-b70c-4d55-a489-2d53855e78b5"
"/subscriptions/cf6841bb-b70c-4d55-a489-2d53855e78b5/resourcegroups/staging/providers/microsoft.web/sites/k12-stage-admin","App Service apps should enable end to end encryption",30,"Low","cf6841bb-b70c-4d55-a489-2d53855e78b5"
"/subscriptions/cf6841bb-b70c-4d55-a489-2d53855e78b5/resourcegroups/testing/providers/microsoft.web/sites/schools-testing-web-app","App Service apps should use private link",30,"Low","cf6841bb-b70c-4d55-a489-2d53855e78b5"
"/subscriptions/cf6841bb-b70c-4d55-a489-2d53855e78b5/resourcegroups/staging/providers/microsoft.web/sites/k12-stage-admin","App Service apps should enable outbound application traffic routing to Azure Virtual Network",30,"Low","cf6841bb-b70c-4d55-a489-2d53855e78b5"
"/subscriptions/cf6841bb-b70c-4d55-a489-2d53855e78b5/resourcegroups/testing/providers/microsoft.web/sites/k12-test-infrastructure","App Service apps should disable public network access",30,"Low","cf6841bb-b70c-4d55-a489-2d53855e78b5"
"/subscriptions/cf6841bb-b70c-4d55-a489-2d53855e78b5/resourcegroups/staging/providers/microsoft.web/sites/k12-stage-admin","App Service apps should have local authentication methods disabled for SCM site deployments",29,"Low","cf6841bb-b70c-4d55-a489-2d53855e78b5"
"/subscriptions/cf6841bb-b70c-4d55-a489-2d53855e78b5/resourcegroups/staging/providers/microsoft.web/sites/k12-stage-portal","App Service apps should have local authentication methods disabled for FTP deployments",27,"Low","cf6841bb-b70c-4d55-a489-2d53855e78b5"
"/subscriptions/cf6841bb-b70c-4d55-a489-2d53855e78b5/resourcegroups/networkwatcherrg/providers/microsoft.network/networkwatchers/networkwatcher_eastus2","Audit resource location matches resource group location",22,"Low","cf6841bb-b70c-4d55-a489-2d53855e78b5"
"/subscriptions/cf6841bb-b70c-4d55-a489-2d53855e78b5/resourcegroups/development/providers/microsoft.containerregistry/registries/developmentk12acr/securityentitydata/repositories-k12-ado-runner-images-sha256:4fe52b359125bbbc6e9d5c2079de9e2793c1d37bef61a62a1150d32719fda23c","Update gpgv",16,"Low","cf6841bb-b70c-4d55-a489-2d53855e78b5"
"/subscriptions/cf6841bb-b70c-4d55-a489-2d53855e78b5/resourcegroups/development/providers/microsoft.app/containerapps/k12-sqlserver","Managed Identity should be enabled for Container Apps",14,"Low","cf6841bb-b70c-4d55-a489-2d53855e78b5"
"/subscriptions/cf6841bb-b70c-4d55-a489-2d53855e78b5/resourcegroups/testing/providers/microsoft.cdn/profiles/schools-testing-afd-profile","Enable logging by category group for Front Door and CDN profiles (microsoft.cdn/profiles) to Log Analytics",12,"Low","cf6841bb-b70c-4d55-a489-2d53855e78b5"
"/subscriptions/cf6841bb-b70c-4d55-a489-2d53855e78b5/resourcegroups/staging/providers/microsoft.web/sites/providers-staging-web-app","App Service apps should use latest 'HTTP Version'",12,"Low","cf6841bb-b70c-4d55-a489-2d53855e78b5"
"/subscriptions/cf6841bb-b70c-4d55-a489-2d53855e78b5/resourcegroups/testing/providers/microsoft.cdn/profiles/schools-testing-afd-profile","Azure Front Door profiles should use Premium tier that supports managed WAF rules and private link",12,"Low","cf6841bb-b70c-4d55-a489-2d53855e78b5"
"/subscriptions/cf6841bb-b70c-4d55-a489-2d53855e78b5/resourcegroups/development/providers/microsoft.storage/storageaccounts/developmentk12caestorage","Storage accounts should have infrastructure encryption",12,"Low","cf6841bb-b70c-4d55-a489-2d53855e78b5"
"/subscriptions/cf6841bb-b70c-4d55-a489-2d53855e78b5/resourcegroups/testing/providers/microsoft.storage/storageaccounts/testingenrollmenthns","Storage accounts should have infrastructure encryption (excluding storage accounts managed by Azure Red Hat OpenShift)",12,"Low","cf6841bb-b70c-4d55-a489-2d53855e78b5"
"/subscriptions/cf6841bb-b70c-4d55-a489-2d53855e78b5/resourcegroups/testing/providers/microsoft.storage/storageaccounts/testingenrollmenthns","[Enable if required] Storage accounts should use customer-managed key (CMK) for encryption",12,"Low","cf6841bb-b70c-4d55-a489-2d53855e78b5"
"/subscriptions/cf6841bb-b70c-4d55-a489-2d53855e78b5/resourcegroups/testing/providers/microsoft.storage/storageaccounts/testingenrollmenthns","Storage accounts should prevent shared key access (excluding storage accounts managed by Azure Red Hat OpenShift)",11,"Low","cf6841bb-b70c-4d55-a489-2d53855e78b5"
"/subscriptions/cf6841bb-b70c-4d55-a489-2d53855e78b5/resourcegroups/testing/providers/microsoft.storage/storageaccounts/testingenrollmenthns","Storage accounts should prevent shared key access (excluding storage accounts created by Databricks)",11,"Low","cf6841bb-b70c-4d55-a489-2d53855e78b5"
"/subscriptions/cf6841bb-b70c-4d55-a489-2d53855e78b5/resourcegroups/development/providers/microsoft.containerregistry/registries/developmentk12acr/securityentitydata/repositories-k12-ado-runner-images-sha256:4fe52b359125bbbc6e9d5c2079de9e2793c1d37bef61a62a1150d32719fda23c","Update gpgconf",10,"Low","cf6841bb-b70c-4d55-a489-2d53855e78b5"
"/subscriptions/cf6841bb-b70c-4d55-a489-2d53855e78b5/resourcegroups/development/providers/microsoft.app/containerapps/k12-trino","Container Apps should disable external network access",10,"Low","cf6841bb-b70c-4d55-a489-2d53855e78b5"
"/subscriptions/cf6841bb-b70c-4d55-a489-2d53855e78b5/resourcegroups/development/providers/microsoft.containerregistry/registries/developmentk12acr/securityentitydata/repositories-k12-ado-runner-images-sha256:4fe52b359125bbbc6e9d5c2079de9e2793c1d37bef61a62a1150d32719fda23c","Update gpgsm",10,"Low","cf6841bb-b70c-4d55-a489-2d53855e78b5"
"/subscriptions/cf6841bb-b70c-4d55-a489-2d53855e78b5/resourcegroups/development/providers/microsoft.containerregistry/registries/developmentk12acr/securityentitydata/repositories-k12-ado-runner-images-sha256:4fe52b359125bbbc6e9d5c2079de9e2793c1d37bef61a62a1150d32719fda23c","Update keyboxd",10,"Low","cf6841bb-b70c-4d55-a489-2d53855e78b5"
"/subscriptions/cf6841bb-b70c-4d55-a489-2d53855e78b5/resourcegroups/development/providers/microsoft.containerregistry/registries/developmentk12acr/securityentitydata/repositories-k12-ado-runner-images-sha256:4fe52b359125bbbc6e9d5c2079de9e2793c1d37bef61a62a1150d32719fda23c","Update gnupg-utils",10,"Low","cf6841bb-b70c-4d55-a489-2d53855e78b5"
"/subscriptions/cf6841bb-b70c-4d55-a489-2d53855e78b5/resourcegroups/k12-infra/providers/microsoft.storage/storageaccounts/k12nonprodrefundsftp","Geo-redundant storage should be enabled for Storage Accounts",10,"Low","cf6841bb-b70c-4d55-a489-2d53855e78b5"
"/subscriptions/cf6841bb-b70c-4d55-a489-2d53855e78b5/resourcegroups/development/providers/microsoft.containerregistry/registries/developmentk12acr/securityentitydata/repositories-k12-ado-runner-images-sha256:4fe52b359125bbbc6e9d5c2079de9e2793c1d37bef61a62a1150d32719fda23c","Update gnupg",10,"Low","cf6841bb-b70c-4d55-a489-2d53855e78b5"
"/subscriptions/cf6841bb-b70c-4d55-a489-2d53855e78b5/resourcegroups/development/providers/microsoft.containerregistry/registries/developmentk12acr/securityentitydata/repositories-k12-ado-runner-images-sha256:4fe52b359125bbbc6e9d5c2079de9e2793c1d37bef61a62a1150d32719fda23c","Update gpg",10,"Low","cf6841bb-b70c-4d55-a489-2d53855e78b5"
"/subscriptions/cf6841bb-b70c-4d55-a489-2d53855e78b5/resourcegroups/development/providers/microsoft.containerregistry/registries/developmentk12acr/securityentitydata/repositories-k12-ado-runner-images-sha256:4fe52b359125bbbc6e9d5c2079de9e2793c1d37bef61a62a1150d32719fda23c","Update gpg-agent",10,"Low","cf6841bb-b70c-4d55-a489-2d53855e78b5"
"/subscriptions/cf6841bb-b70c-4d55-a489-2d53855e78b5/resourcegroups/development/providers/microsoft.containerregistry/registries/developmentk12acr/securityentitydata/repositories-k12-ado-runner-images-sha256:4fe52b359125bbbc6e9d5c2079de9e2793c1d37bef61a62a1150d32719fda23c","Update dirmngr",10,"Low","cf6841bb-b70c-4d55-a489-2d53855e78b5"
"/subscriptions/cf6841bb-b70c-4d55-a489-2d53855e78b5/resourcegroups/k12-infra/providers/microsoft.storage/storageaccounts/k12nonprodrefundsftp","Storage Accounts should restrict network access through network ACL bypass configuration only.",9,"Low","cf6841bb-b70c-4d55-a489-2d53855e78b5"
"/subscriptions/cf6841bb-b70c-4d55-a489-2d53855e78b5/resourcegroups/testing/providers/microsoft.storage/storageaccounts/testingenrollmenthns","Storage accounts should restrict network access using virtual network rules (excluding storage accounts created by Databricks)",9,"Low","cf6841bb-b70c-4d55-a489-2d53855e78b5"
"/subscriptions/cf6841bb-b70c-4d55-a489-2d53855e78b5/resourcegroups/testing/providers/microsoft.storage/storageaccounts/testingenrollmenthns","Storage accounts should restrict network access using virtual network rules (excluding storage accounts managed by ARO)",9,"Low","cf6841bb-b70c-4d55-a489-2d53855e78b5"
"/subscriptions/cf6841bb-b70c-4d55-a489-2d53855e78b5/resourcegroups/staging/providers/microsoft.network/publicipaddresses/staging-vpn-gw-ip","Enable logging by category group for Public IP addresses (microsoft.network/publicipaddresses) to Log Analytics",8,"Low","cf6841bb-b70c-4d55-a489-2d53855e78b5"
"/subscriptions/cf6841bb-b70c-4d55-a489-2d53855e78b5/resourcegroups/development/providers/microsoft.sql/servers/development-api-replic/databases/k12","Track all users with access to the database for SQL Databases",8,"Low","cf6841bb-b70c-4d55-a489-2d53855e78b5"
"/subscriptions/cf6841bb-b70c-4d55-a489-2d53855e78b5/resourcegroups/k12-infra/providers/microsoft.keyvault/vaults/k12-rds-integration","Azure Key Vault should disable public network access",8,"Low","cf6841bb-b70c-4d55-a489-2d53855e78b5"
"/subscriptions/cf6841bb-b70c-4d55-a489-2d53855e78b5/resourcegroups/staging/providers/microsoft.network/publicipaddresses/staging-vpn-gw-ip","Public IP addresses should have resource logs enabled for Azure DDoS Protection",8,"Low","cf6841bb-b70c-4d55-a489-2d53855e78b5"
"/subscriptions/cf6841bb-b70c-4d55-a489-2d53855e78b5/resourcegroups/testing/providers/microsoft.sql/servers/testing-api-enrollment/encryptionprotector/current","SQL servers should use customer-managed keys to encrypt data at rest",8,"Low","cf6841bb-b70c-4d55-a489-2d53855e78b5"
"/subscriptions/cf6841bb-b70c-4d55-a489-2d53855e78b5/resourcegroups/development/providers/microsoft.storage/storageaccounts/developmentenrollmenthns","Access to storage accounts with firewall and virtual network configurations should be restricted",8,"Low","cf6841bb-b70c-4d55-a489-2d53855e78b5"
"/subscriptions/cf6841bb-b70c-4d55-a489-2d53855e78b5/resourcegroups/k12-infra/providers/microsoft.keyvault/vaults/k12-rds-integration","Secrets should have the specified maximum validity period",7,"Low","cf6841bb-b70c-4d55-a489-2d53855e78b5"
"/subscriptions/cf6841bb-b70c-4d55-a489-2d53855e78b5/resourcegroups/testing/providers/microsoft.app/managedenvironments/testing-k12-cae","Container Apps environment should disable public network access",6,"Low","cf6841bb-b70c-4d55-a489-2d53855e78b5"
"/subscriptions/cf6841bb-b70c-4d55-a489-2d53855e78b5/resourcegroups/k12-infra/providers/microsoft.keyvault/vaults/k12-rds-integration","Secrets should have content type set",6,"Low","cf6841bb-b70c-4d55-a489-2d53855e78b5"
"/subscriptions/cf6841bb-b70c-4d55-a489-2d53855e78b5/resourcegroups/testing/providers/microsoft.containerregistry/registries/testingk12acr","[Preview]: Container Registry should use a virtual network service endpoint",5,"Low","cf6841bb-b70c-4d55-a489-2d53855e78b5"
"/subscriptions/cf6841bb-b70c-4d55-a489-2d53855e78b5/resourcegroups/testing/providers/microsoft.containerregistry/registries/testingk12acr","Container registries should have ARM audience token authentication disabled.",5,"Low","cf6841bb-b70c-4d55-a489-2d53855e78b5"
"/subscriptions/cf6841bb-b70c-4d55-a489-2d53855e78b5/resourcegroups/testing/providers/microsoft.containerregistry/registries/testingk12acr","Container registries should have exports disabled",5,"Low","cf6841bb-b70c-4d55-a489-2d53855e78b5"
"/subscriptions/cf6841bb-b70c-4d55-a489-2d53855e78b5/resourcegroups/k12-infra/providers/microsoft.keyvault/vaults/k12-rds-integration","Diagnostic logs in Key Vault should be enabled",5,"Low","cf6841bb-b70c-4d55-a489-2d53855e78b5"
"/subscriptions/cf6841bb-b70c-4d55-a489-2d53855e78b5/resourcegroups/development/providers/microsoft.containerregistry/registries/acr6okwxqo3pdluq","[Enable if required] Container registries should be encrypted with a customer-managed key (CMK)",5,"Low","cf6841bb-b70c-4d55-a489-2d53855e78b5"
"/subscriptions/cf6841bb-b70c-4d55-a489-2d53855e78b5/providers/microsoft.security/pricings/virtualmachines","Security Center standard pricing tier should be selected",5,"Low","cf6841bb-b70c-4d55-a489-2d53855e78b5"
"/subscriptions/cf6841bb-b70c-4d55-a489-2d53855e78b5/resourcegroups/k12-infra/providers/microsoft.storage/storageaccounts/k12infra","Storage accounts should use private link (excluding storage accounts managed by Azure Red Hat OpenShift)",4,"Low","cf6841bb-b70c-4d55-a489-2d53855e78b5"
"/subscriptions/cf6841bb-b70c-4d55-a489-2d53855e78b5/resourcegroups/development/providers/microsoft.datafactory/factories/k12datafactorydev/linkedservices/ls_sqldb","Azure Data Factory linked services should use system-assigned managed identity authentication when it is supported",4,"Low","cf6841bb-b70c-4d55-a489-2d53855e78b5"
"/subscriptions/cf6841bb-b70c-4d55-a489-2d53855e78b5/resourcegroups/development/providers/microsoft.network/virtualnetworks/k12-cae-ops-vbet","Virtual networks should be protected by Azure DDoS Protection",4,"Low","cf6841bb-b70c-4d55-a489-2d53855e78b5"
"/subscriptions/cf6841bb-b70c-4d55-a489-2d53855e78b5/resourcegroups/development/providers/microsoft.network/virtualnetworks/k12-cae-ops-vbet","Virtual networks should be protected by Azure Firewall",4,"Low","cf6841bb-b70c-4d55-a489-2d53855e78b5"
"/subscriptions/cf6841bb-b70c-4d55-a489-2d53855e78b5/resourcegroups/development/providers/microsoft.network/virtualnetworks/k12-cae-ops-vbet","Enable logging by category group for Virtual networks (microsoft.network/virtualnetworks) to Log Analytics",4,"Low","cf6841bb-b70c-4d55-a489-2d53855e78b5"
"/subscriptions/cf6841bb-b70c-4d55-a489-2d53855e78b5/resourcegroups/development/providers/microsoft.sql/servers/development-api-replic/databases/k12","Minimal set of principals should be members of fixed low impact database roles in SQL databases",4,"Low","cf6841bb-b70c-4d55-a489-2d53855e78b5"
"/subscriptions/cf6841bb-b70c-4d55-a489-2d53855e78b5/resourcegroups/development/providers/microsoft.sql/servers/development-api-replic/databases/k12","Excessive permissions should not be granted to PUBLIC role on objects or columns in SQL databases",4,"Low","cf6841bb-b70c-4d55-a489-2d53855e78b5"
"/subscriptions/cf6841bb-b70c-4d55-a489-2d53855e78b5/resourcegroups/testing/providers/microsoft.app/managedenvironments/testing-k12-cae","Container App environments should use network injection",4,"Low","cf6841bb-b70c-4d55-a489-2d53855e78b5"
"/subscriptions/cf6841bb-b70c-4d55-a489-2d53855e78b5/resourcegroups/development/providers/microsoft.storage/storageaccounts/k12sqlauditdev","Storage accounts should use private link (excluding storage accounts created by Databricks)",4,"Low","cf6841bb-b70c-4d55-a489-2d53855e78b5"
"/subscriptions/cf6841bb-b70c-4d55-a489-2d53855e78b5/resourcegroups/staging/providers/microsoft.keyvault/vaults/stagingapikv","Certificates should be issued by the specified integrated certificate authority",4,"Low","cf6841bb-b70c-4d55-a489-2d53855e78b5"
"/subscriptions/cf6841bb-b70c-4d55-a489-2d53855e78b5/resourcegroups/development/providers/microsoft.sql/servers/development-api-enrollment/azureadonlyauthentications/default","Azure SQL Database should have Microsoft Entra-only authentication enabled",4,"Low","cf6841bb-b70c-4d55-a489-2d53855e78b5"
"/subscriptions/cf6841bb-b70c-4d55-a489-2d53855e78b5/resourcegroups/testing/providers/microsoft.network/virtualnetworkgateways/testing-vpn-gw","Enable logging by category group for Virtual network gateways (microsoft.network/virtualnetworkgateways) to Log Analytics",3,"Low","cf6841bb-b70c-4d55-a489-2d53855e78b5"
"/subscriptions/cf6841bb-b70c-4d55-a489-2d53855e78b5/resourcegroups/testing/providers/microsoft.servicebus/namespaces/k12eventhub-k12-testing-sbns","Azure Service Bus namespaces should have local authentication methods disabled",3,"Low","cf6841bb-b70c-4d55-a489-2d53855e78b5"
"/subscriptions/cf6841bb-b70c-4d55-a489-2d53855e78b5/resourcegroups/testing/providers/microsoft.servicebus/namespaces/k12eventhub-k12-testing-sbns","Service Bus namespaces should have double encryption enabled",3,"Low","cf6841bb-b70c-4d55-a489-2d53855e78b5"
"/subscriptions/cf6841bb-b70c-4d55-a489-2d53855e78b5/providers/microsoft.authorization/roledefinitions/71128b0a-59c9-4b0f-b3c7-b5b058c5ada5","Audit usage of custom RBAC roles",3,"Low","cf6841bb-b70c-4d55-a489-2d53855e78b5"
"/subscriptions/cf6841bb-b70c-4d55-a489-2d53855e78b5/resourcegroups/development/providers/microsoft.cache/redis/development-k12-redis","Azure Cache for Redis should disable public network access",3,"Low","cf6841bb-b70c-4d55-a489-2d53855e78b5"
"/subscriptions/cf6841bb-b70c-4d55-a489-2d53855e78b5/resourcegroups/me_k12-infra-ops-cae_development_eastus2/providers/microsoft.network/loadbalancers/capp-svc-lb","Enable logging by category group for Load balancers (microsoft.network/loadbalancers) to Log Analytics",2,"Low","cf6841bb-b70c-4d55-a489-2d53855e78b5"
"/subscriptions/cf6841bb-b70c-4d55-a489-2d53855e78b5/resourcegroups/development/providers/microsoft.app/containerapps/k12-cubestore","Container Apps should only be accessible over HTTPS",2,"Low","cf6841bb-b70c-4d55-a489-2d53855e78b5"
"/subscriptions/cf6841bb-b70c-4d55-a489-2d53855e78b5/resourcegroups/development/providers/microsoft.containerregistry/registries/developmentk12caeacr6okwxqo3pdluq","Container registries should have SKUs that support Private Links",2,"Low","cf6841bb-b70c-4d55-a489-2d53855e78b5"
"/subscriptions/cf6841bb-b70c-4d55-a489-2d53855e78b5/resourcegroups/development/providers/microsoft.cognitiveservices/accounts/k12-foundry-resource","Diagnostic logs in Microsoft Foundry resources should be enabled",2,"Low","cf6841bb-b70c-4d55-a489-2d53855e78b5"
"/subscriptions/cf6841bb-b70c-4d55-a489-2d53855e78b5/resourcegroups/staging/providers/microsoft.sql/servers/staging-api-enrollment","Auditing on SQL server should be enabled",2,"Low","cf6841bb-b70c-4d55-a489-2d53855e78b5"
"/subscriptions/cf6841bb-b70c-4d55-a489-2d53855e78b5/resourcegroups/development/providers/microsoft.servicebus/namespaces/k12eventhub-k12-development-sbns/networkrulesets/default","Service Bus Namespaces should disable public network access",2,"Low","cf6841bb-b70c-4d55-a489-2d53855e78b5"
"/subscriptions/cf6841bb-b70c-4d55-a489-2d53855e78b5/resourcegroups/testing/providers/microsoft.datafactory/factories/testing-api-enrollment-adf","Public network access on Azure Data Factory should be disabled",2,"Low","cf6841bb-b70c-4d55-a489-2d53855e78b5"
"/subscriptions/cf6841bb-b70c-4d55-a489-2d53855e78b5/resourcegroups/development/providers/microsoft.dbforpostgresql/flexibleservers/development-k12-postgres","PostgreSQL flexible servers should use customer-managed keys to encrypt data at rest",1,"Low","cf6841bb-b70c-4d55-a489-2d53855e78b5"
"/subscriptions/cf6841bb-b70c-4d55-a489-2d53855e78b5","Activity log should be retained for at least one year",1,"Low","cf6841bb-b70c-4d55-a489-2d53855e78b5"
"/subscriptions/cf6841bb-b70c-4d55-a489-2d53855e78b5/resourcegroups/development-k12-caev/providers/microsoft.network/networksecuritygroups/container_apps_nsg-paxzoosrdquso","Enable logging by category group for Network security groups (microsoft.network/networksecuritygroups) to Log Analytics",1,"Low","cf6841bb-b70c-4d55-a489-2d53855e78b5"
"/subscriptions/cf6841bb-b70c-4d55-a489-2d53855e78b5/providers/microsoft.security/pricings/sqlservervirtualmachines","SQL server-targeted autoprovisioning should be enabled for SQL servers on machines plan",1,"Low","cf6841bb-b70c-4d55-a489-2d53855e78b5"
"/subscriptions/cf6841bb-b70c-4d55-a489-2d53855e78b5/resourcegroups/testing/providers/microsoft.datafactory/factories/testing-api-enrollment-adf","Azure Data Factory should use a Git repository for source control",1,"Low","cf6841bb-b70c-4d55-a489-2d53855e78b5"
"/subscriptions/cf6841bb-b70c-4d55-a489-2d53855e78b5","An activity log alert should exist for specific Administrative operations",1,"Low","cf6841bb-b70c-4d55-a489-2d53855e78b5"
"/subscriptions/cf6841bb-b70c-4d55-a489-2d53855e78b5","An activity log alert should exist for specific Policy operations",1,"Low","cf6841bb-b70c-4d55-a489-2d53855e78b5"
"/subscriptions/cf6841bb-b70c-4d55-a489-2d53855e78b5","Configure subscriptions to enable service health alert monitoring rule",1,"Low","cf6841bb-b70c-4d55-a489-2d53855e78b5"
"/subscriptions/cf6841bb-b70c-4d55-a489-2d53855e78b5/resourcegroups/k12-infra/providers/microsoft.automation/automationaccounts/k12nonprodrefundsftp-window","Azure Automation accounts should use customer-managed keys to encrypt data at rest",1,"Low","cf6841bb-b70c-4d55-a489-2d53855e78b5"
"/subscriptions/cf6841bb-b70c-4d55-a489-2d53855e78b5/resourcegroups/development/providers/microsoft.apimanagement/service/development-api-enrollment/apis/682b87e6f46c3194ab324a75/operations/createparenttopic","APIs that are unused should be disabled and removed from the Azure API Management service",1,"Low","cf6841bb-b70c-4d55-a489-2d53855e78b5"
"/subscriptions/cf6841bb-b70c-4d55-a489-2d53855e78b5/resourcegroups/k12-infra/providers/microsoft.automation/automationaccounts/k12nonprodrefundsftp-window","Private endpoint connections on Automation Accounts should be enabled",1,"Low","cf6841bb-b70c-4d55-a489-2d53855e78b5"
"/subscriptions/cf6841bb-b70c-4d55-a489-2d53855e78b5","An activity log alert should exist for specific Security operations",1,"Low","cf6841bb-b70c-4d55-a489-2d53855e78b5"
"/subscriptions/cf6841bb-b70c-4d55-a489-2d53855e78b5","Azure subscriptions should have a log profile for Activity Log",1,"Low","cf6841bb-b70c-4d55-a489-2d53855e78b5"
"/subscriptions/cf6841bb-b70c-4d55-a489-2d53855e78b5/resourcegroups/development/providers/microsoft.signalrservice/signalr/development-signalr","Azure SignalR Service should use private link",1,"Low","cf6841bb-b70c-4d55-a489-2d53855e78b5"
"/subscriptions/cf6841bb-b70c-4d55-a489-2d53855e78b5/resourcegroups/k12-content-dev/providers/microsoft.cognitiveservices/accounts/cog-k12-transloator-dev","[Enable if required] Microsoft Foundry resources should encrypt data at rest with a customer-managed key (CMK)",1,"Low","cf6841bb-b70c-4d55-a489-2d53855e78b5"
"/subscriptions/cf6841bb-b70c-4d55-a489-2d53855e78b5/resourcegroups/k12-content-dev/providers/microsoft.cognitiveservices/accounts/cog-k12-transloator-dev","Cognitive Services accounts should use a managed identity",1,"Low","cf6841bb-b70c-4d55-a489-2d53855e78b5"
"/subscriptions/cf6841bb-b70c-4d55-a489-2d53855e78b5/resourcegroups/development/providers/microsoft.eventgrid/namespaces/k12deveventgrid","Azure Event Grid namespace topic broker should use private link",1,"Low","cf6841bb-b70c-4d55-a489-2d53855e78b5"
"/subscriptions/cf6841bb-b70c-4d55-a489-2d53855e78b5/resourcegroups/k12-infra/providers/microsoft.automation/automationaccounts/k12nonprodrefundsftp-window","Automation accounts should disable public network access",1,"Low","cf6841bb-b70c-4d55-a489-2d53855e78b5"
"/subscriptions/cf6841bb-b70c-4d55-a489-2d53855e78b5/resourcegroups/staging/providers/microsoft.sql/servers/staging-api-enrollment/databases/k12","Minimal set of principals should be granted EXECUTE permission on objects or columns in SQL databases",1,"Low","cf6841bb-b70c-4d55-a489-2d53855e78b5"
"/subscriptions/cf6841bb-b70c-4d55-a489-2d53855e78b5/resourcegroups/development/providers/microsoft.dbforpostgresql/flexibleservers/development-k12-postgres","Geo-redundant backups should be enabled for PostgreSQL Servers",1,"Low","cf6841bb-b70c-4d55-a489-2d53855e78b5"
"/subscriptions/cf6841bb-b70c-4d55-a489-2d53855e78b5","Azure Monitor solution 'Security and Audit' must be deployed",1,"Low","cf6841bb-b70c-4d55-a489-2d53855e78b5"
"/subscriptions/cf6841bb-b70c-4d55-a489-2d53855e78b5","Azure Monitor should collect activity logs from all regions",1,"Low","cf6841bb-b70c-4d55-a489-2d53855e78b5"
"/subscriptions/cf6841bb-b70c-4d55-a489-2d53855e78b5","Azure Monitor log profile should collect logs for categories 'write,' 'delete,' and 'action'",1,"Low","cf6841bb-b70c-4d55-a489-2d53855e78b5"
"/subscriptions/cf6841bb-b70c-4d55-a489-2d53855e78b5/resourcegroups/development/providers/microsoft.network/virtualnetworks/k12-cae-ops-vbet","Virtual networks should use specified virtual network gateway",1,"Low","cf6841bb-b70c-4d55-a489-2d53855e78b5"
"/subscriptions/cf6841bb-b70c-4d55-a489-2d53855e78b5/resourcegroups/development/providers/microsoft.keyvault/vaults/developmentapikv","Certificates should not expire within the specified number of days",1,"Low","cf6841bb-b70c-4d55-a489-2d53855e78b5"
"/subscriptions/cf6841bb-b70c-4d55-a489-2d53855e78b5/resourcegroups/k12-infra/providers/microsoft.automation/automationaccounts/k12nonprodrefundsftp-window","Azure Automation account should have local authentication method disabled",1,"Low","cf6841bb-b70c-4d55-a489-2d53855e78b5"
"/subscriptions/cf6841bb-b70c-4d55-a489-2d53855e78b5/resourcegroups/development/providers/microsoft.eventgrid/namespaces/k12deveventgrid","Azure Event Grid namespaces should disable public network access",1,"Low","cf6841bb-b70c-4d55-a489-2d53855e78b5"
"/subscriptions/cf6841bb-b70c-4d55-a489-2d53855e78b5/resourcegroups/ai_k12-stage-admin-insights_f1a1a21c-a74c-4ff3-aca6-4fb4ca6dfc7e_managed/providers/microsoft.operationalinsights/workspaces/managed-k12-stage-admin-insights-ws","Log Analytics workspaces should block log ingestion and querying from public networks",31,"Medium","cf6841bb-b70c-4d55-a489-2d53855e78b5"
"/subscriptions/cf6841bb-b70c-4d55-a489-2d53855e78b5/resourcegroups/ai_k12-stage-admin-insights_f1a1a21c-a74c-4ff3-aca6-4fb4ca6dfc7e_managed/providers/microsoft.operationalinsights/workspaces/managed-k12-stage-admin-insights-ws","Log Analytics Workspaces should block non-Azure Active Directory based ingestion.",31,"Medium","cf6841bb-b70c-4d55-a489-2d53855e78b5"
"/subscriptions/cf6841bb-b70c-4d55-a489-2d53855e78b5/resourcegroups/staging/providers/microsoft.insights/components/k12-stage-gateway-insights","Application Insights components should block non-Azure Active Directory based ingestion.",31,"Medium","cf6841bb-b70c-4d55-a489-2d53855e78b5"
"/subscriptions/cf6841bb-b70c-4d55-a489-2d53855e78b5/resourcegroups/staging/providers/microsoft.insights/components/k12-stage-gateway-insights","Application Insights components should block log ingestion and querying from public networks",31,"Medium","cf6841bb-b70c-4d55-a489-2d53855e78b5"
"/subscriptions/cf6841bb-b70c-4d55-a489-2d53855e78b5/resourcegroups/staging/providers/microsoft.insights/components/k12-stage-gateway-insights","Application Insights components with Private Link enabled should use Bring Your Own Storage accounts for profiler and debugger.",31,"Medium","cf6841bb-b70c-4d55-a489-2d53855e78b5"
"/subscriptions/cf6841bb-b70c-4d55-a489-2d53855e78b5/resourcegroups/development/providers/microsoft.operationalinsights/workspaces/workspace-developmentngxk","Saved-queries in Azure Monitor should be saved in customer storage account for logs encryption",31,"Medium","cf6841bb-b70c-4d55-a489-2d53855e78b5"
"/subscriptions/cf6841bb-b70c-4d55-a489-2d53855e78b5/providers/microsoft.security/pricings/cloudposture/securityentitydata/ca1c420e-638c-41de-b637-174c93756d40","Azure overprovisioned identities should have only the necessary permissions",29,"Medium","cf6841bb-b70c-4d55-a489-2d53855e78b5"
"/subscriptions/cf6841bb-b70c-4d55-a489-2d53855e78b5/providers/microsoft.security/pricings/cloudposture/securityentitydata/a74f912b-afc3-42d3-91db-7e1c958efdd9","Permissions of inactive identities in your Azure subscription should be revoked",28,"Medium","cf6841bb-b70c-4d55-a489-2d53855e78b5"
"/subscriptions/cf6841bb-b70c-4d55-a489-2d53855e78b5/resourcegroups/development/providers/microsoft.app/containerapps/k12-dashboard___k12-dashboard","Update libncursesw6",21,"Medium","cf6841bb-b70c-4d55-a489-2d53855e78b5"
"/subscriptions/cf6841bb-b70c-4d55-a489-2d53855e78b5/resourcegroups/development/providers/microsoft.app/containerapps/k12-querybuilder-gateway___k12-querybuilder-gateway","Update libtinfo6",21,"Medium","cf6841bb-b70c-4d55-a489-2d53855e78b5"
"/subscriptions/cf6841bb-b70c-4d55-a489-2d53855e78b5/resourcegroups/staging/providers/microsoft.containerregistry/registries/stagingk12acr/securityentitydata/repositories-k12-ado-runner-images-sha256:8b66eae7edf80e40da608a7c7f12df9e33b30d5b5b99c81481f7e2268ec5d96a","Update libgcrypt20",21,"Medium","cf6841bb-b70c-4d55-a489-2d53855e78b5"
"/subscriptions/cf6841bb-b70c-4d55-a489-2d53855e78b5/resourcegroups/testing/providers/microsoft.containerregistry/registries/testingk12acr/securityentitydata/repositories-k12-ado-runner-images-sha256:06bd3e4ecd691a338cc70472114f71e21270fe6b9be8b8516c6b2ae8c5808d2e","Update ncurses-base",21,"Medium","cf6841bb-b70c-4d55-a489-2d53855e78b5"
"/subscriptions/cf6841bb-b70c-4d55-a489-2d53855e78b5/resourcegroups/staging/providers/microsoft.containerregistry/registries/stagingk12acr/securityentitydata/repositories-k12-ado-runner-images-sha256:8b66eae7edf80e40da608a7c7f12df9e33b30d5b5b99c81481f7e2268ec5d96a","Update coreutils",21,"Medium","cf6841bb-b70c-4d55-a489-2d53855e78b5"
"/subscriptions/cf6841bb-b70c-4d55-a489-2d53855e78b5/resourcegroups/testing/providers/microsoft.containerregistry/registries/testingk12acr/securityentitydata/repositories-k12-ado-runner-images-sha256:06bd3e4ecd691a338cc70472114f71e21270fe6b9be8b8516c6b2ae8c5808d2e","Update libp11-kit0",21,"Medium","cf6841bb-b70c-4d55-a489-2d53855e78b5"
"/subscriptions/cf6841bb-b70c-4d55-a489-2d53855e78b5/resourcegroups/testing/providers/microsoft.containerregistry/registries/testingk12acr/securityentitydata/repositories-k12-ado-runner-images-sha256:06bd3e4ecd691a338cc70472114f71e21270fe6b9be8b8516c6b2ae8c5808d2e","Update libbz2-1.0",21,"Medium","cf6841bb-b70c-4d55-a489-2d53855e78b5"
"/subscriptions/cf6841bb-b70c-4d55-a489-2d53855e78b5/resourcegroups/testing/providers/microsoft.containerregistry/registries/testingk12acr/securityentitydata/repositories-k12-ado-runner-images-sha256:06bd3e4ecd691a338cc70472114f71e21270fe6b9be8b8516c6b2ae8c5808d2e","Update ncurses-bin",21,"Medium","cf6841bb-b70c-4d55-a489-2d53855e78b5"
"/subscriptions/cf6841bb-b70c-4d55-a489-2d53855e78b5/resourcegroups/development/providers/microsoft.containerregistry/registries/developmentk12acr/securityentitydata/repositories-k12-ado-runner-images-sha256:a9d58c5235896c6d5fd40567088f1963c7e7f1b6cf5c9d85da410d50bf96d91f","Update libpam-modules-bin",18,"Medium","cf6841bb-b70c-4d55-a489-2d53855e78b5"
"/subscriptions/cf6841bb-b70c-4d55-a489-2d53855e78b5/resourcegroups/development/providers/microsoft.containerregistry/registries/developmentk12acr/securityentitydata/repositories-k12-ado-runner-images-sha256:a9d58c5235896c6d5fd40567088f1963c7e7f1b6cf5c9d85da410d50bf96d91f","Update libpam0g",18,"Medium","cf6841bb-b70c-4d55-a489-2d53855e78b5"
"/subscriptions/cf6841bb-b70c-4d55-a489-2d53855e78b5/resourcegroups/development/providers/microsoft.containerregistry/registries/developmentk12acr/securityentitydata/repositories-k12-ado-runner-images-sha256:a9d58c5235896c6d5fd40567088f1963c7e7f1b6cf5c9d85da410d50bf96d91f","Update tar",18,"Medium","cf6841bb-b70c-4d55-a489-2d53855e78b5"
"/subscriptions/cf6841bb-b70c-4d55-a489-2d53855e78b5/resourcegroups/development/providers/microsoft.containerregistry/registries/developmentk12acr/securityentitydata/repositories-k12-ado-runner-images-sha256:a9d58c5235896c6d5fd40567088f1963c7e7f1b6cf5c9d85da410d50bf96d91f","Update libudev1",18,"Medium","cf6841bb-b70c-4d55-a489-2d53855e78b5"
"/subscriptions/cf6841bb-b70c-4d55-a489-2d53855e78b5/resourcegroups/development/providers/microsoft.containerregistry/registries/developmentk12acr/securityentitydata/repositories-k12-ado-runner-images-sha256:a9d58c5235896c6d5fd40567088f1963c7e7f1b6cf5c9d85da410d50bf96d91f","Update libpam-runtime",18,"Medium","cf6841bb-b70c-4d55-a489-2d53855e78b5"
"/subscriptions/cf6841bb-b70c-4d55-a489-2d53855e78b5/resourcegroups/development/providers/microsoft.containerregistry/registries/developmentk12acr/securityentitydata/repositories-k12-ado-runner-images-sha256:a9d58c5235896c6d5fd40567088f1963c7e7f1b6cf5c9d85da410d50bf96d91f","Update libsystemd0",18,"Medium","cf6841bb-b70c-4d55-a489-2d53855e78b5"
"/subscriptions/cf6841bb-b70c-4d55-a489-2d53855e78b5/resourcegroups/development/providers/microsoft.containerregistry/registries/developmentk12acr/securityentitydata/repositories-k12-ado-runner-images-sha256:a9d58c5235896c6d5fd40567088f1963c7e7f1b6cf5c9d85da410d50bf96d91f","Update libpam-modules",18,"Medium","cf6841bb-b70c-4d55-a489-2d53855e78b5"
"/subscriptions/cf6841bb-b70c-4d55-a489-2d53855e78b5/resourcegroups/development/providers/microsoft.containerregistry/registries/developmentk12acr/securityentitydata/repositories-k12-ado-runner-images-sha256:8b66eae7edf80e40da608a7c7f12df9e33b30d5b5b99c81481f7e2268ec5d96a","Update setuptools",15,"Medium","cf6841bb-b70c-4d55-a489-2d53855e78b5"
"/subscriptions/cf6841bb-b70c-4d55-a489-2d53855e78b5/resourcegroups/testing/providers/microsoft.containerregistry/registries/testingk12acr/securityentitydata/repositories-k12-ado-runner-images-sha256:06bd3e4ecd691a338cc70472114f71e21270fe6b9be8b8516c6b2ae8c5808d2e","Update libssh-4",15,"Medium","cf6841bb-b70c-4d55-a489-2d53855e78b5"
"/subscriptions/cf6841bb-b70c-4d55-a489-2d53855e78b5/resourcegroups/development/providers/microsoft.containerregistry/registries/developmentk12acr/securityentitydata/repositories-k12-ado-runner-images-sha256:06bd3e4ecd691a338cc70472114f71e21270fe6b9be8b8516c6b2ae8c5808d2e","Update pip",12,"Medium","cf6841bb-b70c-4d55-a489-2d53855e78b5"
"/subscriptions/cf6841bb-b70c-4d55-a489-2d53855e78b5/resourcegroups/testing/providers/microsoft.cdn/profiles/schools-testing-afd-profile","Azure Front Door Standard or Premium (Plus WAF) should have resource logs enabled",12,"Medium","cf6841bb-b70c-4d55-a489-2d53855e78b5"
"/subscriptions/cf6841bb-b70c-4d55-a489-2d53855e78b5/resourcegroups/development/providers/microsoft.containerregistry/registries/developmentk12acr/securityentitydata/repositories-k12-ado-runner-images-sha256:a9d58c5235896c6d5fd40567088f1963c7e7f1b6cf5c9d85da410d50bf96d91f","Update libkrb5support0",12,"Medium","cf6841bb-b70c-4d55-a489-2d53855e78b5"
"/subscriptions/cf6841bb-b70c-4d55-a489-2d53855e78b5/resourcegroups/development/providers/microsoft.containerregistry/registries/developmentk12acr/securityentitydata/repositories-k12-ado-runner-images-sha256:a9d58c5235896c6d5fd40567088f1963c7e7f1b6cf5c9d85da410d50bf96d91f","Update libgssapi-krb5-2",12,"Medium","cf6841bb-b70c-4d55-a489-2d53855e78b5"
"/subscriptions/cf6841bb-b70c-4d55-a489-2d53855e78b5/resourcegroups/k12-infra/providers/microsoft.storage/storageaccounts/k12nonprodrefundsftp","Storage Accounts should use a virtual network service endpoint",12,"Medium","cf6841bb-b70c-4d55-a489-2d53855e78b5"
"/subscriptions/cf6841bb-b70c-4d55-a489-2d53855e78b5/resourcegroups/development/providers/microsoft.containerregistry/registries/developmentk12acr/securityentitydata/repositories-k12-ado-runner-images-sha256:a9d58c5235896c6d5fd40567088f1963c7e7f1b6cf5c9d85da410d50bf96d91f","Update libk5crypto3",12,"Medium","cf6841bb-b70c-4d55-a489-2d53855e78b5"
"/subscriptions/cf6841bb-b70c-4d55-a489-2d53855e78b5/resourcegroups/development/providers/microsoft.containerregistry/registries/developmentk12acr/securityentitydata/repositories-k12-ado-runner-images-sha256:a9d58c5235896c6d5fd40567088f1963c7e7f1b6cf5c9d85da410d50bf96d91f","Update libkrb5-3",12,"Medium","cf6841bb-b70c-4d55-a489-2d53855e78b5"
"/subscriptions/cf6841bb-b70c-4d55-a489-2d53855e78b5/resourcegroups/development/providers/microsoft.containerregistry/registries/developmentk12acr/securityentitydata/repositories-k12-ado-runner-images-sha256:a9d58c5235896c6d5fd40567088f1963c7e7f1b6cf5c9d85da410d50bf96d91f","Update libgif7",11,"Medium","cf6841bb-b70c-4d55-a489-2d53855e78b5"
"/subscriptions/cf6841bb-b70c-4d55-a489-2d53855e78b5/resourcegroups/development/providers/microsoft.storage/storageaccounts/developmentapienrollment","Storage accounts should prevent shared key access",11,"Medium","cf6841bb-b70c-4d55-a489-2d53855e78b5"
"/subscriptions/cf6841bb-b70c-4d55-a489-2d53855e78b5/resourcegroups/development/providers/microsoft.containerregistry/registries/developmentk12acr/securityentitydata/repositories-k12-ado-runner-images-sha256:a9d58c5235896c6d5fd40567088f1963c7e7f1b6cf5c9d85da410d50bf96d91f","Update gzip",11,"Medium","cf6841bb-b70c-4d55-a489-2d53855e78b5"
"/subscriptions/cf6841bb-b70c-4d55-a489-2d53855e78b5/resourcegroups/k12-infra/providers/microsoft.storage/storageaccounts/k12nonprodrefundsftp","Storage accounts should restrict network access using virtual network rules",9,"Medium","cf6841bb-b70c-4d55-a489-2d53855e78b5"
"/subscriptions/cf6841bb-b70c-4d55-a489-2d53855e78b5/resourcegroups/testing/providers/microsoft.storage/storageaccounts/testingenrollmenthns","Storage accounts should disable public network access",9,"Medium","cf6841bb-b70c-4d55-a489-2d53855e78b5"
"/subscriptions/cf6841bb-b70c-4d55-a489-2d53855e78b5/resourcegroups/k12-infra/providers/microsoft.keyvault/vaults/k12-rds-integration","Key Vault should use a virtual network service endpoint",8,"Medium","cf6841bb-b70c-4d55-a489-2d53855e78b5"
"/subscriptions/cf6841bb-b70c-4d55-a489-2d53855e78b5/resourcegroups/testing/providers/microsoft.containerregistry/registries/testingk12acr/securityentitydata/repositories-k12-ado-runner-images-sha256:06bd3e4ecd691a338cc70472114f71e21270fe6b9be8b8516c6b2ae8c5808d2e","Update libsqlite3-0",7,"Medium","cf6841bb-b70c-4d55-a489-2d53855e78b5"
"/subscriptions/cf6841bb-b70c-4d55-a489-2d53855e78b5/resourcegroups/development/providers/microsoft.app/containerapps/k12-querybuilder-gateway___k12-querybuilder-gateway","Update opentelemetry.exporter.opentelemetryprotocol",6,"Medium","cf6841bb-b70c-4d55-a489-2d53855e78b5"
"/subscriptions/cf6841bb-b70c-4d55-a489-2d53855e78b5/resourcegroups/testing/providers/microsoft.containerregistry/registries/testingk12acr/securityentitydata/repositories-k12-ado-runner-images-sha256:06bd3e4ecd691a338cc70472114f71e21270fe6b9be8b8516c6b2ae8c5808d2e","Update wget",6,"Medium","cf6841bb-b70c-4d55-a489-2d53855e78b5"
"/subscriptions/cf6841bb-b70c-4d55-a489-2d53855e78b5/resourcegroups/development/providers/microsoft.storage/storageaccounts/developmentapienrollment","Storage account public access should be disallowed",6,"Medium","cf6841bb-b70c-4d55-a489-2d53855e78b5"
"/subscriptions/cf6841bb-b70c-4d55-a489-2d53855e78b5/resourcegroups/k12-infra/providers/microsoft.keyvault/vaults/k12-rds-integration","Firewall should be enabled on Key Vault",6,"Medium","cf6841bb-b70c-4d55-a489-2d53855e78b5"
"/subscriptions/cf6841bb-b70c-4d55-a489-2d53855e78b5/resourcegroups/development/providers/microsoft.containerregistry/registries/developmentk12acr/securityentitydata/repositories-k12-ado-runner-images-sha256:a9d58c5235896c6d5fd40567088f1963c7e7f1b6cf5c9d85da410d50bf96d91f","Update libnghttp2-14",5,"Medium","cf6841bb-b70c-4d55-a489-2d53855e78b5"
"/subscriptions/cf6841bb-b70c-4d55-a489-2d53855e78b5/resourcegroups/k12-infra/providers/microsoft.keyvault/vaults/k12-rds-integration","Azure Key Vaults should use private link",5,"Medium","cf6841bb-b70c-4d55-a489-2d53855e78b5"
"/subscriptions/cf6841bb-b70c-4d55-a489-2d53855e78b5/resourcegroups/development/providers/microsoft.containerregistry/registries/developmentk12acr/securityentitydata/repositories-k12-ado-runner-images-sha256:5648b0eddc2166f9e6464eb069433a479a7322e02e6c608e970ea4e7a74acd58","Update libncurses6",5,"Medium","cf6841bb-b70c-4d55-a489-2d53855e78b5"
"/subscriptions/cf6841bb-b70c-4d55-a489-2d53855e78b5/resourcegroups/staging/providers/microsoft.sql/servers/staging-api-enrollment/databases/k12","Long-term geo-redundant backup should be enabled for Azure SQL Databases",4,"Medium","cf6841bb-b70c-4d55-a489-2d53855e78b5"
"/subscriptions/cf6841bb-b70c-4d55-a489-2d53855e78b5/resourcegroups/development/providers/microsoft.sql/servers/development-api-replic/databases/k12","All memberships for user-defined roles should be intended in SQL databases",4,"Medium","cf6841bb-b70c-4d55-a489-2d53855e78b5"
"/subscriptions/cf6841bb-b70c-4d55-a489-2d53855e78b5/resourcegroups/staging/providers/microsoft.network/virtualnetworks/staging-vnet","Audit flow logs configuration for every virtual network",4,"Medium","cf6841bb-b70c-4d55-a489-2d53855e78b5"
"/subscriptions/cf6841bb-b70c-4d55-a489-2d53855e78b5/resourcegroups/development/providers/microsoft.sql/servers/development-api-replic/databases/k12","User-defined database roles should not be members of fixed roles in SQL databases",4,"Medium","cf6841bb-b70c-4d55-a489-2d53855e78b5"
"/subscriptions/cf6841bb-b70c-4d55-a489-2d53855e78b5/resourcegroups/development/providers/microsoft.storage/storageaccounts/developmentk12appversion","Storage account should use a private link connection",4,"Medium","cf6841bb-b70c-4d55-a489-2d53855e78b5"
"/subscriptions/cf6841bb-b70c-4d55-a489-2d53855e78b5/resourcegroups/testing/providers/microsoft.sql/servers/testing-api-enrollment","Azure SQL Database should have Azure Active Directory Only Authentication enabled",4,"Medium","cf6841bb-b70c-4d55-a489-2d53855e78b5"
"/subscriptions/cf6841bb-b70c-4d55-a489-2d53855e78b5/resourcegroups/development/providers/microsoft.containerinstance/containergroups/k12-development-devops-agents","Azure Container Instance container group should use customer-managed key for encryption",4,"Medium","cf6841bb-b70c-4d55-a489-2d53855e78b5"
"/subscriptions/cf6841bb-b70c-4d55-a489-2d53855e78b5/resourcegroups/development/providers/microsoft.app/containerapps/k12-dashboard___k12-dashboard","Update opentelemetry.api",4,"Medium","cf6841bb-b70c-4d55-a489-2d53855e78b5"
"/subscriptions/cf6841bb-b70c-4d55-a489-2d53855e78b5/resourcegroups/testing/providers/microsoft.signalrservice/signalr/testing-api-enrollment-signalr","Azure SignalR Service should disable public network access",4,"Medium","cf6841bb-b70c-4d55-a489-2d53855e78b5"
"/subscriptions/cf6841bb-b70c-4d55-a489-2d53855e78b5/resourcegroups/staging/providers/microsoft.containerregistry/registries/stagingk12acr/securityentitydata/repositories-k12-ado-runner-images-sha256:5648b0eddc2166f9e6464eb069433a479a7322e02e6c608e970ea4e7a74acd58","Update libpng16-16",4,"Medium","cf6841bb-b70c-4d55-a489-2d53855e78b5"
"/subscriptions/cf6841bb-b70c-4d55-a489-2d53855e78b5/resourcegroups/testing/providers/microsoft.sql/servers/testing-api-enrollment","SQL Server should use a virtual network service endpoint",4,"Medium","cf6841bb-b70c-4d55-a489-2d53855e78b5"
"/subscriptions/cf6841bb-b70c-4d55-a489-2d53855e78b5/resourcegroups/development/providers/microsoft.appconfiguration/configurationstores/k12-development-app-configuration","App Configuration should use a customer-managed key",3,"Medium","cf6841bb-b70c-4d55-a489-2d53855e78b5"
"/subscriptions/cf6841bb-b70c-4d55-a489-2d53855e78b5/resourcegroups/development/providers/microsoft.web/sites/k12-dev-gateway","App Service apps should be injected into a virtual network",3,"Medium","cf6841bb-b70c-4d55-a489-2d53855e78b5"
"/subscriptions/cf6841bb-b70c-4d55-a489-2d53855e78b5/resourcegroups/development/providers/microsoft.cache/redis/development-k12-redis","Azure Cache for Redis should use private link",3,"Medium","cf6841bb-b70c-4d55-a489-2d53855e78b5"
"/subscriptions/cf6841bb-b70c-4d55-a489-2d53855e78b5/resourcegroups/development/providers/microsoft.appconfiguration/configurationstores/k12-development-app-configuration","App Configuration should use private link",3,"Medium","cf6841bb-b70c-4d55-a489-2d53855e78b5"
"/subscriptions/cf6841bb-b70c-4d55-a489-2d53855e78b5/resourcegroups/staging/providers/microsoft.web/sites/k12-stage-gateway","App Service apps should use a virtual network service endpoint",3,"Medium","cf6841bb-b70c-4d55-a489-2d53855e78b5"
"/subscriptions/cf6841bb-b70c-4d55-a489-2d53855e78b5/resourcegroups/development/providers/microsoft.appconfiguration/configurationstores/k12-development-app-configuration","App Configuration should disable public network access",3,"Medium","cf6841bb-b70c-4d55-a489-2d53855e78b5"
"/subscriptions/cf6841bb-b70c-4d55-a489-2d53855e78b5/resourcegroups/testing/providers/microsoft.servicebus/namespaces/k12eventhub-k12-testing-sbns","Service Bus Premium namespaces should use a customer-managed key for encryption",3,"Medium","cf6841bb-b70c-4d55-a489-2d53855e78b5"
"/subscriptions/cf6841bb-b70c-4d55-a489-2d53855e78b5/resourcegroups/development/providers/microsoft.containerregistry/registries/acr6okwxqo3pdluq","Container registries should not allow unrestricted network access",2,"Medium","cf6841bb-b70c-4d55-a489-2d53855e78b5"
"/subscriptions/cf6841bb-b70c-4d55-a489-2d53855e78b5/resourcegroups/k12-infra/providers/microsoft.keyvault/vaults/k12-rds-integration","Key vaults should have deletion protection enabled",2,"Medium","cf6841bb-b70c-4d55-a489-2d53855e78b5"
"/subscriptions/cf6841bb-b70c-4d55-a489-2d53855e78b5/resourcegroups/testing/providers/microsoft.datafactory/factories/testing-api-enrollment-adf","Azure Data Factory should use private link",2,"Medium","cf6841bb-b70c-4d55-a489-2d53855e78b5"
"/subscriptions/cf6841bb-b70c-4d55-a489-2d53855e78b5/resourcegroups/k12-content-dev/providers/microsoft.cognitiveservices/accounts/cog-k12-transloator-dev","Microsoft Foundry resources should have key access disabled (disable local authentication)",2,"Medium","cf6841bb-b70c-4d55-a489-2d53855e78b5"
"/subscriptions/cf6841bb-b70c-4d55-a489-2d53855e78b5/resourcegroups/k12-content-dev/providers/microsoft.cognitiveservices/accounts/cog-k12-transloator-dev","Microsoft Foundry resources should use Azure Private Link",2,"Medium","cf6841bb-b70c-4d55-a489-2d53855e78b5"
"/subscriptions/cf6841bb-b70c-4d55-a489-2d53855e78b5/resourcegroups/testing/providers/microsoft.sql/servers/testing-api-enrollment","SQL Auditing settings should have Action-Groups configured to capture critical activities",2,"Medium","cf6841bb-b70c-4d55-a489-2d53855e78b5"
"/subscriptions/cf6841bb-b70c-4d55-a489-2d53855e78b5/resourcegroups/development/providers/microsoft.containerregistry/registries/developmentk12caeacr6okwxqo3pdluq","Public network access should be disabled for Container registries",2,"Medium","cf6841bb-b70c-4d55-a489-2d53855e78b5"
"/subscriptions/cf6841bb-b70c-4d55-a489-2d53855e78b5/resourcegroups/testing/providers/microsoft.datafactory/factories/testing-api-enrollment-adf","Azure data factories should be encrypted with a customer-managed key",2,"Medium","cf6841bb-b70c-4d55-a489-2d53855e78b5"
"/subscriptions/cf6841bb-b70c-4d55-a489-2d53855e78b5/resourcegroups/development/providers/microsoft.containerregistry/registries/acr6okwxqo3pdluq","Container registries should use private link",2,"Medium","cf6841bb-b70c-4d55-a489-2d53855e78b5"
"/subscriptions/cf6841bb-b70c-4d55-a489-2d53855e78b5/resourcegroups/development/providers/microsoft.sql/servers/development-api-replic","Public network access on Azure SQL Database should be disabled",1,"Medium","cf6841bb-b70c-4d55-a489-2d53855e78b5"
"/subscriptions/cf6841bb-b70c-4d55-a489-2d53855e78b5/resourcegroups/development/providers/microsoft.dbforpostgresql/flexibleservers/development-k12-postgres","Azure Database for PostgreSQL flexible server should have Microsoft Entra authentication only enabled",1,"Medium","cf6841bb-b70c-4d55-a489-2d53855e78b5"
"/subscriptions/cf6841bb-b70c-4d55-a489-2d53855e78b5/resourcegroups/development/providers/microsoft.cognitiveservices/accounts/k12-foundry-resource","Cognitive Services accounts should use customer owned storage",1,"Medium","cf6841bb-b70c-4d55-a489-2d53855e78b5"
"/subscriptions/cf6841bb-b70c-4d55-a489-2d53855e78b5/resourcegroups/development/providers/microsoft.compute/diskaccesses/dev-snapshot-endpoint","Disk access resources should use private link",1,"Medium","cf6841bb-b70c-4d55-a489-2d53855e78b5"
"/subscriptions/cf6841bb-b70c-4d55-a489-2d53855e78b5/resourcegroups/development/providers/microsoft.dbforpostgresql/flexibleservers/development-k12-postgres","pgaudit.log_statement_once should be set to 'on' for Azure Database for PostgreSQL Servers",1,"Medium","cf6841bb-b70c-4d55-a489-2d53855e78b5"
"/subscriptions/cf6841bb-b70c-4d55-a489-2d53855e78b5/resourcegroups/development/providers/microsoft.dbforpostgresql/flexibleservers/development-k12-postgres","Public IP access should be disabled for Azure Database for PostgreSQL Servers",1,"Medium","cf6841bb-b70c-4d55-a489-2d53855e78b5"
"/subscriptions/cf6841bb-b70c-4d55-a489-2d53855e78b5/resourcegroups/development/providers/microsoft.dbforpostgresql/flexibleservers/development-k12-postgres","Public network access should be disabled for PostgreSQL flexible servers",1,"Medium","cf6841bb-b70c-4d55-a489-2d53855e78b5"
"/subscriptions/cf6841bb-b70c-4d55-a489-2d53855e78b5/resourcegroups/development/providers/microsoft.dbforpostgresql/flexibleservers/development-k12-postgres","logfiles.retention_days should be greater than 3 for PostgreSQL Servers",1,"Medium","cf6841bb-b70c-4d55-a489-2d53855e78b5"
"/subscriptions/cf6841bb-b70c-4d55-a489-2d53855e78b5/resourcegroups/k12-content-dev/providers/microsoft.cognitiveservices/accounts/cog-k12-transloator-dev","Microsoft Foundry resources should restrict network access",1,"Medium","cf6841bb-b70c-4d55-a489-2d53855e78b5"
"/subscriptions/cf6841bb-b70c-4d55-a489-2d53855e78b5/resourcegroups/development-k12-caev/providers/microsoft.network/networksecuritygroups/container_apps_nsg-paxzoosrdquso","Flow logs should be configured for every network security group",1,"Medium","cf6841bb-b70c-4d55-a489-2d53855e78b5"
"/subscriptions/cf6841bb-b70c-4d55-a489-2d53855e78b5/resourcegroups/development/providers/microsoft.servicebus/namespaces/k12eventhub-k12-development-sbns/authorizationrules/cfi-mule-rds","All authorization rules except RootManageSharedAccessKey should be removed from Service Bus namespace",1,"Medium","cf6841bb-b70c-4d55-a489-2d53855e78b5"
