"count_","properties_complianceState","properties_policyDefinitionName"
1,"NonCompliant","67dcad1a-ec60-45df-8fd0-14c9d29eeaa2"
1,"NonCompliant","955a914f-bf86-4f0e-acd5-e0766b0efcb6"
1,"Unknown","6a379d74-903b-244a-4c44-838728bea6b0"
1,"Compliant","a43d5475-c569-45ce-a268-28fa79f4e87a"
1,"Unknown","311802f9-098d-0659-245a-94c5d47c0182"
1,"Unknown","83eea3d3-0d2c-9ccd-1021-2111b29b2a62"
1,"Unknown","b8dad106-6444-5f55-307e-1e1cc9723e39"
1,"Unknown","6abdf7c7-362b-3f35-099e-533ed50988f9"
1,"Unknown","7a114735-a420-057d-a651-9a73cd0416ef"
1,"Unknown","5c40f27b-6791-18c5-3f85-7b863bd99c11"
1,"Unknown","098dcde7-016a-06c3-0985-0daaf3301d3a"
1,"Unknown","575ed5e8-4c29-99d0-0e4d-689fb1d29827"
1,"Compliant","4a15c15f-90d5-4a1f-8b63-2903944963fd"
1,"Unknown","056a723b-4946-9d2a-5243-3aa27c4d31a1"
1,"Unknown","db8b35d6-8adb-3f51-44ff-c648ab5b1530"
1,"Unknown","3e37c891-840c-3eb4-78d2-e2e0bb5063e0"
1,"Unknown","68a39c2b-0f17-69ee-37a3-aa10f9853a08"
1,"Unknown","f131c8c5-a54a-4888-1efc-158928924bc1"
1,"Unknown","fd81a1b3-2d7a-107c-507e-29b87d040c19"
1,"Unknown","676c3c35-3c36-612c-9523-36d266a65000"
1,"Unknown","22c16ae4-19d0-29cb-422f-cb44061180ee"
1,"Unknown","13ef3484-3a51-785a-9c96-500f21f84edd"
1,"Unknown","f96d2186-79df-262d-3f76-f371e3b71798"
1,"Unknown","1e876c5c-0f2a-8eb6-69f7-5f91e7918ed6"
1,"Unknown","7805a343-275c-41be-9d62-7215b96212d8"
1,"Unknown","68d2e478-3b19-23eb-1357-31b296547457"
1,"Unknown","7d10debd-4775-85a7-1a41-7e128e0e8c50"
1,"NonCompliant","ae1b9a8c-dfce-4605-bd91-69213b4a26fc"
1,"NonCompliant","98903777-a9f6-47f5-90a9-acaf62ab01a8"
1,"Unknown","c8aa992d-76b7-7ca0-07b3-31a58d773fa9"
1,"Unknown","1fdeb7c4-4c93-8271-a135-17ebe85f1cc7"
1,"Unknown","92b49e92-570f-1765-804a-378e6c592e28"
1,"Compliant","75262d3e-ba4a-4f43-85f8-9f72c090e5e3"
1,"NonCompliant","4a15c15f-90d5-4a1f-8b63-2903944963fd"
1,"Unknown","db580551-0b3c-4ea1-8a4c-4cdb5feb340f"
1,"Unknown","4ee5975d-2507-5530-a20a-83a725889c6f"
1,"Unknown","43ac3ccb-4ef6-7d63-9a3f-6848485ba4e8"
1,"Unknown","c72fc0c8-2df8-7506-30be-6ba1971747e1"
1,"Unknown","0471c6b7-1588-701c-2713-1fade73b75f6"
1,"Unknown","d041726f-00e0-41ca-368c-b1a122066482"
1,"Unknown","0f4fa857-079d-9d3d-5c49-21f616189e03"
1,"Unknown","1b8a7ec3-11cc-a2d3-8cd0-eedf074424a4"
1,"Unknown","85335602-93f5-7730-830b-d43426fd51fa"
1,"Unknown","c7e8ddc1-14aa-1814-7fe1-aad1742b27da"
1,"Compliant","ae1b9a8c-dfce-4605-bd91-69213b4a26fc"
1,"Unknown","07b42fb5-027e-5a3c-4915-9d9ef3020ec7"
1,"Unknown","f801d58e-5659-9a4a-6e8d-02c9334732e5"
1,"Compliant","d074ddf8-01a5-4b5e-a2b8-964aed452c0a"
1,"Unknown","0f31d98d-5ce2-705b-4aa5-b4f6705110dd"
1,"Unknown","245fe58b-96f8-9f1e-48c5-7f49903f66fd"
1,"Unknown","d4e6a629-28eb-79a9-000b-88030e4823ca"
1,"Unknown","d25cbded-121e-0ed6-1857-dc698c9095b1"
1,"Unknown","60442979-6333-85f0-84c5-b887bac67448"
1,"Unknown","ba99d512-3baa-1c38-8b0b-ae16bbd34274"
1,"Unknown","9c954fcf-6dd8-81f1-41b5-832ae5c62caf"
1,"Unknown","98e33927-8d7f-6d5f-44f5-2469b40b7215"
1,"Unknown","86ecd378-a3a0-5d5b-207c-05e6aaca43fc"
1,"Unknown","d9edcea6-6cb8-0266-a48c-2061fbac4310"
1,"Unknown","76d66b5c-85e4-93f5-96a5-ebb2fad61dc6"
1,"Unknown","23d1a569-2d1e-7f43-9e22-1f94115b7dd5"
1,"Unknown","1e0d5ba8-a433-01aa-829c-86b06c9631ec"
1,"Unknown","12af7c7a-92af-9e96-0d0c-5e732d1a3751"
1,"Unknown","396f465d-375e-57de-58ba-021adb008191"
1,"Unknown","3eecf628-a1c8-1b48-1b5c-7ca781e97970"
1,"Unknown","c0559109-6a27-a217-6821-5a6d44f92897"
1,"NonCompliant","f772fb64-8e40-40ad-87bc-7706e1949427"
1,"Unknown","6f3866e8-6e12-69cf-788c-809d426094a1"
1,"Unknown","a930f477-9dcb-2113-8aa7-45bb6fc90861"
1,"Unknown","214ea241-010d-8926-44cc-b90a96d52adc"
1,"Unknown","3ad7f0bc-3d03-0585-4d24-529779bb02c2"
1,"Unknown","d200f199-69f4-95a6-90b0-37ff0cf1040c"
1,"Unknown","e3905a3c-97e7-0b4f-15fb-465c0927536f"
1,"Unknown","729c8708-2bec-093c-8427-2e87d2cd426d"
1,"NonCompliant","baa4c6de-b7cf-4b12-b436-6e40ef44c8cb"
1,"NonCompliant","f1776c76-f58c-4245-a8d0-2b207198dc8b"
1,"Unknown","c2eabc28-1e5c-78a2-a712-7cc176c44c07"
1,"Compliant","ae62c456-33de-4dc8-b100-7ce9028a7d99"
1,"Compliant","fd1a8e20-2c4f-4a6c-9354-b58d786d9a1f"
1,"NonCompliant","2571b7c3-3056-4a61-b00a-9bc5232234f5"
1,"Compliant","fe3fd216-4f83-4fc1-8984-2bbec80a3418"
1,"NonCompliant","fe3fd216-4f83-4fc1-8984-2bbec80a3418"
1,"Unknown","80029bc5-834f-3a9c-a2d8-acbc1aab4e9f"
1,"NonCompliant","bcff6755-335b-484d-b435-d1161db39cdc"
1,"NonCompliant","48c5f1cb-14ad-4797-8e3b-f78ab3f8d700"
1,"Compliant","dea83a72-443c-4292-83d5-54a2f98749c0"
1,"Compliant","77d40665-3120-4348-b539-3192ec808307"
1,"NonCompliant","77d40665-3120-4348-b539-3192ec808307"
1,"Unknown","10c3a1b1-29b0-a2d5-8f4c-a284b0f07830"
1,"Unknown","5bac5fb7-7735-357b-767d-02264bfe5c3b"
1,"NonCompliant","0c2b3618-68a8-4034-a150-ff4abc873462"
1,"Unknown","74041cfe-3f87-1d17-79ec-34ca5f895542"
1,"Unknown","b8587fce-138f-86e8-33a3-c60768bf1da6"
1,"NonCompliant","12c74c95-0efd-48da-b8d9-2a7d68470c92"
1,"Compliant","2a6ae02f-7590-40d7-88ba-b18e205a32fd"
1,"Compliant","cd8f7644-6fe8-4516-bded-0e465ead03ac"
1,"NonCompliant","1301a000-bc6b-4d90-8414-7091e3abdc40"
2,"Unknown","7c7032fe-9ce6-9092-5890-87a1a3755db1"
2,"NonCompliant","24b7a1c6-44fe-40cc-a2e6-242d2ef70e98"
2,"NonCompliant","123aed70-491a-4f07-a569-e1f3a8dd651e"
2,"NonCompliant","701a595d-38fb-4a66-ae6d-fb3735217622"
2,"Unknown","eda0cbb7-6043-05bf-645b-67411f1a59b3"
2,"Unknown","5715bf33-a5bd-1084-4e19-bc3c83ec1c35"
2,"Compliant","4ee5b817-627a-435a-8932-116193268172"
2,"Compliant","cae7c12e-764b-4c87-841a-fdc6675d196f"
2,"Compliant","a08ae1ab-8d1d-422b-a123-df82b307ba61"
2,"NonCompliant","4dcfb8b5-05cd-4090-a931-2ec29057e1fc"
2,"NonCompliant","d639b3af-a535-4bef-8dcf-15078cddf5e2"
2,"Unknown","e1379836-3492-6395-451d-2f5062e14136"
2,"Unknown","55be3260-a7a2-3c06-7fe6-072d07525ab7"
2,"Unknown","b53aa659-513e-032c-52e6-1ce0ba46582f"
2,"Unknown","2d2ca910-7957-23ee-2945-33f401606efc"
2,"Unknown","ae5345d5-8dab-086a-7290-db43a3272198"
2,"Unknown","a8df9c78-4044-98be-2c05-31a315ac8957"
2,"Unknown","75b42dcf-7840-1271-260b-852273d7906e"
2,"Unknown","b28c8687-4bbd-8614-0b96-cdffa1ac6d9c"
2,"Unknown","d42a8f69-a193-6cbc-48b9-04a9e29961f1"
2,"Unknown","2d4d0e90-32d9-4deb-2166-a00d51ed57c0"
2,"NonCompliant","cbd11fd3-3002-4907-b6c8-579f0e700e13"
2,"NonCompliant","c6283572-73bb-4deb-bf2c-7a2b8f7462cb"
2,"Unknown","ee4bbbbb-2e52-9adb-4e3a-e641f7ac68ab"
2,"Unknown","5d3abfea-a130-1208-29c0-e57de80aa6b0"
2,"Unknown","84245967-7882-54f6-2d34-85059f725b47"
2,"Unknown","a8f9c283-9a66-3eb3-9e10-bdba95b85884"
2,"Unknown","01c387ea-383d-4ca9-295a-977fab516b03"
2,"Unknown","5fc24b95-53f7-0ed1-2330-701b539b97fe"
2,"Unknown","83dfb2b8-678b-20a0-4c44-5c75ada023e6"
2,"Unknown","2c6bee3a-2180-2430-440d-db3c7a849870"
2,"Unknown","a1334a65-2622-28ee-5067-9d7f5b915cc5"
2,"Unknown","b470a37a-7a47-3792-34dd-7a793140702e"
2,"Unknown","dad8a2e9-6f27-4fc2-8933-7e99fe700c9c"
2,"Unknown","037c0089-6606-2dab-49ad-437005b5035f"
2,"Unknown","08c11b48-8745-034d-1c1b-a144feec73b9"
2,"Unknown","0fd1ca29-677b-2f12-1879-639716459160"
2,"Unknown","2401b496-7f23-79b2-9f80-89bb5abf3d4a"
2,"Unknown","69d90ee6-9f9f-262a-2038-d909fb4e5723"
2,"Unknown","4502e506-5f35-0df4-684f-b326e3cc7093"
2,"Unknown","9622aaa9-5c49-40e2-5bf8-660b7cd23deb"
2,"Unknown","22457e81-3ec6-5271-a786-c3ca284601dd"
2,"NonCompliant","0e80e269-43a4-4ae9-b5bc-178126b8a5cb"
2,"Unknown","279052a0-8238-694d-9661-bf649f951747"
2,"Unknown","bb048641-6017-7272-7772-a008f285a520"
2,"Unknown","b4409bff-2287-8407-05fd-c73175a68302"
2,"Unknown","eaaae23f-92c9-4460-51cf-913feaea4d52"
2,"Unknown","1fb1cb0e-1936-6f32-42fd-89970b535855"
2,"Unknown","043c1e56-5a16-52f8-6af8-583098ff3e60"
2,"Unknown","0123edae-3567-a05a-9b05-b53ebe9d3e7e"
2,"Unknown","5c33538e-02f8-0a7f-998b-a4c1e22076d3"
2,"Unknown","58a51cde-008b-1a5d-61b5-d95849770677"
2,"Unknown","585af6e9-90c0-4575-67a7-2f9548972e32"
2,"Unknown","e29a8f1b-149b-2fa3-969d-ebee1baa9472"
2,"Unknown","77cc89bb-774f-48d7-8a84-fb8c322c3000"
2,"Unknown","cb8841d4-9d13-7292-1d06-ba4d68384681"
2,"Unknown","8c5d3d8d-5cba-0def-257c-5ab9ea9644dc"
2,"Compliant","0088bc63-6dee-4a9c-9d29-91cfdc848952"
2,"Unknown","4ce91e4e-6dab-3c46-011a-aa14ae1561bf"
2,"NonCompliant","1cf164be-6819-4a50-b8fa-4bcaa4f98fb6"
2,"Unknown","7a489c62-242c-5db9-74df-c073056d6fa3"
2,"Unknown","b320aa42-33b4-53af-87ce-100091d48918"
2,"Unknown","b4e19d22-8c0e-7cad-3219-c84c62dc250f"
2,"Unknown","bd4dc286-2f30-5b95-777c-681f3a7913d3"
2,"Unknown","1fdf0b24-4043-3c55-357e-036985d50b52"
2,"Unknown","41172402-8d73-64c7-0921-909083c086b0"
2,"Unknown","477bd136-7dd9-55f8-48ac-bae096b86a07"
2,"Unknown","4ac81669-00e2-9790-8648-71bc11bc91eb"
2,"Unknown","6122970b-8d4a-7811-0278-4c6c68f61e4f"
2,"NonCompliant","67121cc7-ff39-4ab8-b7e3-95b84dab487d"
2,"Unknown","91cf132e-0c9f-37a8-a523-dc6a92cd2fb2"
2,"Compliant","46aa9b05-0e60-4eae-a88b-1e9d374fa515"
2,"Unknown","05ec66a2-137c-14b8-8e75-3d7a2bef07f8"
2,"NonCompliant","46aa9b05-0e60-4eae-a88b-1e9d374fa515"
2,"Unknown","51e4b233-8ee3-8bdc-8f5f-f33bd0d229b7"
2,"Unknown","af5ff768-a34b-720e-1224-e6b3214f3ba6"
2,"Unknown","3baee3fd-30f5-882c-018c-cc78703a0106"
2,"Unknown","9b55929b-0101-47c0-a16e-d6ac5c7d21f8"
2,"Unknown","aa0ddd99-43eb-302d-3f8f-42b499182960"
2,"Unknown","f2222056-062d-1060-6dc2-0107a68c34b2"
2,"Unknown","aa892c0d-2c40-200c-0dd8-eac8c4748ede"
2,"Unknown","d48a6f19-a284-6fc6-0623-3367a74d3f50"
2,"Unknown","25a1f840-65d0-900a-43e4-bee253de04de"
2,"Unknown","28aa060e-25c7-6121-05d8-a846f11433df"
2,"Unknown","04837a26-2601-1982-3da7-bf463e6408f4"
2,"Unknown","6b957f60-54cd-5752-44d5-ff5a64366c93"
2,"Unknown","39eb03c1-97cc-11ab-0960-6209ed2869f7"
2,"Unknown","096a7055-30cb-2db4-3fda-41b20ac72667"
2,"Unknown","afbecd30-37ee-a27b-8e09-6ac49951a0ee"
2,"Unknown","df2e9507-169b-4114-3a52-877561ee3198"
2,"Unknown","42116f15-5665-a52a-87bb-b40e64c74b6c"
2,"Compliant","fd9903f1-38c2-4d36-8e44-5c1c20c561e8"
2,"Compliant","05f95bb8-8ef8-4cef-8cad-5d30f9912850"
2,"Unknown","509552f5-6528-3540-7959-fbeae4832533"
2,"Unknown","d02498e0-8a6f-6b02-8332-19adf6711d1e"
2,"Unknown","836f8406-3b8a-11bb-12cb-6c7fa0765668"
2,"Unknown","a4493012-908c-5f48-a468-1e243be884ce"
2,"Unknown","efef28d0-3226-966a-a1e8-70e89c1b30bc"
2,"Unknown","1ecb79d7-1a06-9a3b-3be8-f434d04d1ec1"
2,"Unknown","4f23967c-a74b-9a09-9dc2-f566f61a87b9"
2,"Unknown","0e696f5a-451f-5c15-5532-044136538491"
2,"Unknown","2c843d78-8f64-92b5-6a9b-e8186c0e7eb6"
2,"Unknown","be38a620-000b-21cf-3cb3-ea151b704c3b"
2,"Unknown","21633c09-804e-7fcd-78e3-635c6bfe2be7"
2,"Unknown","27ce30dd-3d56-8b54-6144-e26d9a37a541"
2,"Unknown","44f8a42d-739f-8030-89a8-4c2d5b3f6af3"
2,"Unknown","70fe686f-1f91-7dab-11bf-bca4201e183b"
2,"Unknown","271a3e58-1b38-933d-74c9-a580006b80aa"
2,"Unknown","f48b60c6-4b37-332f-7288-b6ea50d300eb"
2,"Unknown","de936662-13dc-204c-75ec-1af80f994088"
2,"Unknown","8cd815bf-97e1-5144-0735-11f6ddb50a59"
2,"Unknown","f27a298f-9443-014a-0d40-fef12adf0259"
2,"Unknown","9fdde4a9-85fa-7850-6df4-ae9c4a2e56f9"
2,"Unknown","f741c4e6-41eb-15a4-25a2-61ac7ca232f0"
2,"Unknown","d18af1ac-0086-4762-6dc8-87cdded90e39"
2,"Unknown","5fe84a4c-1b0c-a738-2aba-ed49c9069d3b"
2,"Unknown","f78fc35e-1268-0bca-a798-afcba9d2330a"
2,"Unknown","6c0a312f-04c5-5c97-36a5-e56763a02b6b"
2,"Unknown","055da733-55c6-9e10-8194-c40731057ec4"
2,"Unknown","6610f662-37e9-2f71-65be-502bdc2f554d"
2,"NonCompliant","bd560fc0-3c69-498a-ae9f-aa8eb7de0e13"
2,"Unknown","7ad83b58-2042-085d-08f0-13e946f26f89"
2,"Unknown","bd6cbcba-4a2d-507c-53e3-296b5c238a8e"
2,"Unknown","ced291b8-1d3d-7e27-40cf-829e9dd523c8"
2,"Unknown","b65c5d8e-9043-9612-2c17-65f231d763bb"
2,"Unknown","e7422f08-65b4-50e4-3779-d793156e0079"
2,"Unknown","2b05dca2-25ec-9335-495c-29155f785082"
2,"Unknown","9b8b05ec-3d21-215e-5d98-0f7cf0998202"
2,"Unknown","516be556-1353-080d-2c2f-f46f000d5785"
2,"Unknown","d136ae80-54dd-321c-98b4-17acf4af2169"
2,"Unknown","1cb7bf71-841c-4741-438a-67c65fdd7194"
2,"Unknown","5226dee6-3420-711b-4709-8e675ebd828f"
2,"Unknown","524e7136-9f6a-75ba-9089-501018151346"
2,"Unknown","e5c5fc78-4aa5-3d6b-81bc-5fcc88b318e9"
2,"Unknown","af38215f-70c4-0cd6-40c2-c52d86690a45"
2,"Unknown","b7897ddc-9716-2460-96f7-7757ad038cc4"
2,"Unknown","c42f19c9-5d88-92da-0742-371a0ea03126"
2,"Unknown","8e49107c-3338-40d1-02aa-d524178a2afe"
2,"Unknown","e0c480bf-0d68-a42d-4cbb-b60f851f8716"
2,"Unknown","c6aeb800-0b19-944d-92dc-59b893722329"
2,"Unknown","a315c657-4a00-8eba-15ac-44692ad24423"
2,"Unknown","80a97208-264e-79da-0cc7-4fca179a0c9c"
2,"Unknown","dc7ec756-221c-33c8-0afe-c48e10e42321"
2,"Unknown","5f2e834d-7e40-a4d5-a216-e49b16955ccf"
2,"Unknown","3c93dba1-84fd-57de-33c7-ef0400a08134"
2,"Unknown","70a7a065-a060-85f8-7863-eb7850ed2af9"
2,"Unknown","496b407d-9b9e-81e8-4ba4-44bc686b016a"
2,"Unknown","c79d378a-2521-822a-0407-57454f8d2c74"
2,"Unknown","426c172c-9914-10d1-25dd-669641fc1af4"
2,"Unknown","e89436d8-6a93-3b62-4444-1d2a42ad56b2"
2,"Unknown","aa305b4d-8c84-1754-0c74-dec004e66be0"
2,"Unknown","bab9ef1d-a16d-421a-822d-3fa94e808156"
2,"Unknown","b11697e8-9515-16f1-7a35-477d5c8a1344"
2,"Unknown","fe2dff43-0a8c-95df-0432-cb1c794b17d0"
2,"Unknown","518eafdd-08e5-37a9-795b-15a8d798056d"
2,"Unknown","cd36eeec-67e7-205a-4b64-dbfe3b4e3e4e"
2,"Unknown","c423e64d-995c-9f67-0403-b540f65ba42a"
2,"Unknown","b8a9bb2f-7290-3259-85ce-dca7d521302d"
2,"Unknown","979ed3b6-83f9-26bc-4b86-5b05464700bf"
2,"Unknown","c981fa70-2e58-8141-1457-e7f62ebc2ade"
2,"Unknown","3af53f59-979f-24a8-540f-d7cdbc366607"
2,"Unknown","1c258345-5cd4-30c8-9ef3-5ee4dd5231d6"
2,"Unknown","e21f91d1-2803-0282-5f2d-26ebc4b170ef"
2,"Unknown","e7589f4e-1e8b-72c2-3692-1e14d7f3699f"
2,"Unknown","92ede480-154e-0e22-4dca-8b46a74a3a51"
2,"Unknown","3881168c-5d38-6f04-61cc-b5d87b2c4c58"
2,"NonCompliant","889bfebf-7428-426e-a86f-79e2a7de2f71"
2,"Unknown","a90c4d44-7fac-8e02-6d5b-0d92046b20e6"
2,"Unknown","dd2523d5-2db3-642b-a1cf-83ac973b32c2"
2,"Unknown","63f63e71-6c3f-9add-4c43-64de23e554a7"
2,"Unknown","4a6f5cbd-6c6b-006f-2bb1-091af1441bce"
2,"Unknown","fad161f5-5261-401a-22dd-e037bae011bd"
2,"Unknown","ea9d7c95-2f10-8a4d-61d8-7469bd2e8d65"
2,"Unknown","d9af7f88-686a-5a8b-704b-eafdab278977"
2,"Unknown","7fc1f0da-0050-19bb-3d75-81ae15940df6"
2,"Unknown","e4e1f896-8a93-1151-43c7-0ad23b081ee2"
2,"Unknown","8f835d6a-4d13-9a9c-37dc-176cebd37fda"
2,"Unknown","90a156a6-49ed-18d1-1052-69aac27c05cd"
2,"Unknown","33d34fac-56a8-1c0f-0636-3ed94892a709"
2,"Unknown","b0e3035d-6366-2e37-796e-8bcab9c649e6"
2,"Unknown","1ee4c7eb-480a-0007-77ff-4ba370776266"
2,"Unknown","9c93ef57-7000-63fb-9b74-88f2e17ca5d2"
2,"Unknown","26d178a4-9261-6f04-a100-47ed85314c6e"
2,"Unknown","b8689b2e-4308-a58b-a0b4-6f3343a000df"
2,"Unknown","ece8bb17-4080-5127-915f-dc7267ee8549"
2,"Unknown","f30edfad-4e1d-1eef-27ee-9292d6d89842"
2,"Unknown","18e9d748-73d4-0c96-55ab-b108bfbd5bc3"
2,"Unknown","cc2f7339-2fac-1ea9-9ca3-cd530fbb0da2"
2,"Unknown","3f1216b0-30ee-1ac9-3899-63eb744e85f5"
2,"Unknown","8b1f29eb-1b22-4217-5337-9207cb55231e"
2,"Unknown","2af551d5-1775-326a-0589-590bfb7e9eb2"
2,"Unknown","20762f1e-85fb-31b0-a600-e833633f10fe"
2,"Unknown","cbfa1bd0-714d-8d6f-0480-2ad6a53972df"
2,"Compliant","b3a22bc9-66de-45fb-98fa-00f5df42f41a"
2,"Unknown","8aec4343-9153-9641-172c-defb201f56b3"
2,"Compliant","abda6d70-9778-44e7-84a8-06713e6db027"
2,"Unknown","6de65dc4-8b4f-34b7-9290-eb137a2e2929"
2,"Unknown","6625638f-3ba1-7404-5983-0ea33d719d34"
2,"Unknown","3a868d0c-538f-968b-0191-bddb44da5b75"
2,"Unknown","f8a63511-66f1-503f-196d-d6217ee0823a"
2,"Unknown","adf517f3-6dcd-3546-9928-34777d0c277e"
2,"Unknown","b8972f60-8d77-1cb8-686f-9c9f4cdd8a59"
2,"Unknown","27965e62-141f-8cca-426f-d09514ee5216"
2,"Unknown","b3c8cc83-20d3-3890-8bc8-5568777670f4"
2,"Unknown","10874318-0bf7-a41f-8463-03e395482080"
2,"Unknown","7ded6497-815d-6506-242b-e043e0273928"
2,"Unknown","333b4ada-4a02-0648-3d4d-d812974f1bb2"
2,"Unknown","d36700f2-2f0d-7c2a-059c-bdadd1d79f70"
2,"Unknown","a3e98638-51d4-4e28-910a-60e98c1a756f"
2,"Unknown","16c54e01-9e65-7524-7c33-beda48a75779"
2,"Unknown","2f67e567-03db-9d1f-67dc-b6ffb91312f4"
2,"Unknown","33602e78-35e3-4f06-17fb-13dd887448e4"
2,"Unknown","af227964-5b8b-22a2-9364-06d2cb9d6d7c"
2,"Unknown","203101f5-99a3-1491-1b56-acccd9b66a9e"
2,"Unknown","a28323fe-276d-3787-32d2-cef6395764c4"
2,"Unknown","3153d9c0-2584-14d3-362d-578b01358aeb"
2,"Unknown","1282809c-9001-176b-4a81-260a085f4872"
2,"Unknown","82bd024a-5c99-05d6-96ff-01f539676a1a"
2,"Unknown","9ac8621d-9acd-55bf-9f99-ee4212cc3d85"
2,"Unknown","8747b573-8294-86a0-8914-49e9b06a5ace"
2,"Unknown","4c385143-09fd-3a34-790c-a5fd9ec77ddc"
2,"Unknown","67ada943-8539-083d-35d0-7af648974125"
2,"Unknown","e714b481-8fac-64a2-14a9-6f079b2501a4"
2,"Unknown","ed87d27a-9abf-7c71-714c-61d881889da4"
2,"Unknown","2af4640d-11a6-a64b-5ceb-a468f4341c0c"
2,"Unknown","d9d48ffb-0d8c-0bd5-5f31-5a5826d19f10"
2,"Unknown","48c816c5-2190-61fc-8806-25d6f3df162f"
2,"Unknown","2cc9c165-46bd-9762-5739-d2aae5ba90a1"
2,"Unknown","7bdb79ea-16b8-453e-4ca4-ad5b16012414"
2,"Unknown","f33c3238-11d2-508c-877c-4262ec1132e1"
2,"Unknown","ba02d0a0-566a-25dc-73f1-101c726a19c5"
2,"Unknown","de770ba6-50dd-a316-2932-e0d972eaa734"
2,"Unknown","29acfac0-4bb4-121b-8283-8943198b1549"
2,"Unknown","e336d5f4-4d8f-0059-759c-ae10f63d1747"
2,"Unknown","1d39b5d9-0392-8954-8359-575ce1957d1a"
2,"Unknown","7d7a8356-5c34-9a95-3118-1424cfaf192a"
2,"Unknown","5e4e9685-3818-5934-0071-2620c4fa2ca5"
2,"Unknown","33832848-42ab-63f3-1a55-c0ad309d44cd"
2,"Unknown","b269a749-705e-8bff-055a-147744675cdf"
2,"Unknown","526ed90e-890f-69e7-0386-ba5c0f1f784f"
2,"Unknown","e54901fe-42c2-7f3b-3c5f-327aa5320a69"
2,"Unknown","7380631c-5bf5-0e3a-4509-0873becd8a63"
2,"Unknown","058e9719-1ff9-3653-4230-23f76b6492e0"
2,"Unknown","0065241c-72e9-3b2c-556f-75de66332a94"
2,"Unknown","4012c2b7-4e0e-a7ab-1688-4aab43f14420"
2,"Unknown","37dbe3dc-0e9c-24fa-36f2-11197cbfa207"
2,"Unknown","2f20840e-7925-221c-725d-757442753e7c"
2,"Unknown","eff6e4a5-3efe-94dd-2ed1-25d56a019a82"
2,"Unknown","1ff03f2a-974b-3272-34f2-f6cd51420b30"
2,"Unknown","6f1de470-79f3-1572-866e-db0771352fc8"
2,"Unknown","9ca3a3ea-3a1f-8ba0-31a8-6aed0fe1a7a4"
2,"Unknown","eb8a8df9-521f-3ccd-7e2c-3d1fcc812340"
2,"Unknown","04b3e7f6-4841-888d-4799-cda19a0084f6"
2,"Unknown","3545c827-26ee-282d-4629-23952a12008b"
2,"Unknown","4edaca8c-0912-1ac5-9eaa-6a1057740fae"
2,"Unknown","611ebc63-8600-50b6-a0e3-fef272457132"
2,"Unknown","2b4e134f-1e4c-2bff-573e-082d85479b6e"
2,"Unknown","423f6d9c-0c73-9cc6-64f4-b52242490368"
2,"Unknown","8c255136-994b-9616-79f5-ae87810e0dcf"
2,"Unknown","54a9c072-4a93-2a03-6a43-a060d30383d7"
2,"Unknown","ba78efc6-795c-64f4-7a02-91effbd34af9"
2,"Unknown","433de59e-7a53-a766-02c2-f80f8421469a"
2,"Unknown","50e81644-923d-33fc-6ebb-9733bc8d1a06"
2,"Unknown","98145a9b-428a-7e81-9d14-ebb154a24f93"
2,"Unknown","37b0045b-3887-367b-8b4d-b9a6fa911bb9"
2,"Unknown","37546841-8ea1-5be0-214d-8ac599588332"
2,"Unknown","3d492600-27ba-62cc-a1c3-66eb919f6a0d"
2,"Unknown","e9c60c37-65b0-2d72-6c3c-af66036203ae"
2,"Unknown","2927e340-60e4-43ad-6b5f-7a1468232cc2"
2,"Unknown","92a7591f-73b3-1173-a09c-a08882d84c70"
2,"Unknown","449ebb52-945b-36e5-3446-af6f33770f8f"
2,"Unknown","d8350d4c-9314-400b-288f-20ddfce04fbd"
2,"Unknown","0716f0f5-4955-2ccb-8d5e-c6be14d57c0f"
2,"Unknown","2067b904-9552-3259-0cdd-84468e284b7c"
2,"Unknown","b6ad009f-5c24-1dc0-a25e-74b60e4da45f"
2,"Unknown","8eea8c14-4d93-63a3-0c82-000343ee5204"
2,"Unknown","13939f8c-4cd5-a6db-9af4-9dfec35e3722"
2,"Unknown","cc057769-01d9-95ad-a36f-1e62a7f9540b"
2,"Unknown","81b6267b-97a7-9aa5-51ee-d2584a160424"
2,"Unknown","b273f1e3-79e7-13ee-5b5d-dca6c66c3d5d"
2,"Unknown","725164e5-3b21-1ec2-7e42-14f077862841"
2,"Unknown","eb598832-4bcc-658d-4381-3ecbe17b9866"
2,"Unknown","55a7f9a0-6397-7589-05ef-5ed59a8149e7"
2,"Unknown","874a6f2e-2098-53bc-3a16-20dcdc425a7e"
2,"Unknown","e603da3a-8af7-4f8a-94cb-1bcc0e0333d2"
2,"Unknown","01ae60e2-38bb-0a32-7b20-d3a091423409"
2,"Unknown","178c8b7e-1b6e-4289-44dd-2f1526b678a1"
2,"Unknown","b2ea1058-8998-3dd1-84f1-82132ad482fd"
2,"Unknown","3054c74b-9b45-2581-56cf-053a1a716c39"
2,"Unknown","0a412110-3874-9f22-187a-c7a81c8a6704"
2,"Unknown","8bfdbaa6-6824-3fec-9b06-7961bf7389a6"
2,"Unknown","e8c31e15-642d-600f-78ab-bad47a5787e6"
2,"Unknown","dad1887d-161b-7b61-2e4d-5124a7b5724e"
2,"Unknown","afd5d60a-48d2-8073-1ec2-6687e22f2ddd"
2,"Unknown","f8ded0c6-a668-9371-6bb6-661d58787198"
2,"Unknown","5decc032-95bd-2163-9549-a41aba83228e"
2,"Unknown","6228396e-2ace-7ca5-3247-45767dbf52f4"
2,"Unknown","20012034-96f0-85c2-4a86-1ae1eb457802"
2,"Unknown","93fa357f-2e38-22a9-5138-8cc5124e1923"
2,"Unknown","11ba0508-58a8-44de-5f3a-9e05d80571da"
2,"Unknown","e23444b9-9662-40f3-289e-6d25c02b48fa"
2,"Unknown","6c79c3e5-5f7b-a48a-5c7b-8c158bc01115"
2,"Unknown","1dbd51c2-2bd1-5e26-75ba-ed075d8f0d68"
2,"Unknown","677e1da4-00c3-287a-563d-f4a1cf9b99a0"
2,"Unknown","d7c1ecc3-2980-a079-1569-91aec8ac4a77"
2,"Unknown","3c5e0e1a-216f-8f49-0a15-76ed0d8b8e1f"
2,"Unknown","5b802722-71dd-a13d-2e7e-231e09589efb"
2,"Unknown","ff136354-1c92-76dc-2dab-80fb7c6a9f1a"
2,"Unknown","bf883b14-9c19-0f37-8825-5e39a8b66d5b"
2,"Unknown","a30bd8e9-7064-312a-0e1f-e1b485d59f6e"
2,"Unknown","f49925aa-9b11-76ae-10e2-6e973cc60f37"
2,"Unknown","ab02bb73-4ce1-89dd-3905-d93042809ba0"
2,"Unknown","70057208-70cc-7b31-3c3a-121af6bc1966"
2,"Unknown","06af77de-02ca-0f3e-838a-a9420fe466f5"
2,"Unknown","ef5a7059-6651-73b1-18b3-75b1b79c1565"
2,"Unknown","0dcbaf2f-075e-947b-8f4c-74ecc5cd302c"
2,"Unknown","00f12b6f-10d7-8117-9577-0f2b76488385"
2,"Unknown","0803eaa7-671c-08a7-52fd-ac419f775e75"
2,"Unknown","f9ec3263-9562-1768-65a1-729793635a8d"
2,"Unknown","d78f95ba-870a-a500-6104-8a5ce2534f19"
2,"Unknown","0ba211ef-0e85-2a45-17fc-401d1b3f8f85"
2,"Unknown","13efd2d7-3980-a2a4-39d0-527180c009e8"
2,"Unknown","a465e8e9-0095-85cb-a05f-1dd4960d02af"
2,"Unknown","57927290-8000-59bf-3776-90c468ac5b4b"
2,"Unknown","c148208b-1a6f-a4ac-7abc-23b1d41121b1"
2,"Unknown","77acc53d-0f67-6e06-7d04-5750653d4629"
2,"Unknown","44b71aa8-099d-8b97-1557-0e853ec38e0d"
2,"Unknown","22a02c9a-49e4-5dc9-0d14-eb35ad717154"
2,"Unknown","ca6d7878-3189-1833-4620-6c7254ed1607"
2,"Unknown","f6da5cca-5795-60ff-49e1-4972567815fe"
2,"Unknown","8b333332-6efd-7c0d-5a9f-d1eb95105214"
2,"Unknown","be1c34ab-295a-07a6-785c-36f63c1d223e"
2,"Unknown","8c44a0ea-9b09-4d9c-0e91-f9bee3d05bfb"
2,"Unknown","09960521-759e-5d12-086f-4192a72a5e92"
2,"Unknown","c2cb4658-44dc-9d11-3dad-7c6802dd5ba3"
2,"Unknown","ef718fe4-7ceb-9ddf-3198-0ee8f6fe9cba"
2,"Unknown","84a01872-5318-049e-061e-d56734183e84"
2,"Unknown","4e45863d-9ea9-32b4-a204-2680bc6007a6"
2,"Unknown","ffea18d9-13de-6505-37f3-4c1f88070ad7"
2,"Unknown","0d04cb93-a0f1-2f4b-4b1b-a72a1b510d08"
2,"Unknown","92b94485-1c49-3350-9ada-dffe94f08e87"
2,"Unknown","46ab2c5e-6654-1f58-8c83-e97a44f39308"
2,"Unknown","3eabed6d-1912-2d3c-858b-f438d08d0412"
2,"Unknown","0040d2e5-2779-170d-6a2c-1f5fca353335"
2,"Unknown","318b2bd9-9c39-9f8b-46a7-048401f33476"
2,"Unknown","e750ca06-1824-464a-2cf3-d0fa754d1cb4"
2,"Unknown","b33d61c1-7463-7025-0ec0-a47585b59147"
2,"Unknown","085467a6-9679-5c65-584a-f55acefd0d43"
2,"Unknown","db28735f-518f-870e-15b4-49623cbe3aa0"
2,"Unknown","8a703eb5-4e53-701b-67e4-05ba2f7930c8"
2,"Unknown","b7306e73-0494-83a2-31f5-280e934a8f70"
2,"Unknown","edcc36f1-511b-81e0-7125-abee29752fe7"
2,"Unknown","b262e1dd-08e9-41d4-963a-258909ad794b"
2,"Unknown","ff1efad2-6b09-54cc-01bf-d386c4d558a8"
2,"Unknown","66e5cb69-9f1c-8b8d-8fbd-b832466d5aa8"
2,"Unknown","d91558ce-5a5c-551b-8fbb-83f793255e09"
2,"Unknown","dd6d00a8-701a-5935-a22b-c7b9c0c698b2"
2,"Unknown","df54d34f-65f3-39f1-103c-a0464b8615df"
2,"Unknown","26daf649-22d1-97e9-2a8a-01b182194d59"
2,"Unknown","d6653f89-7cb5-24a4-9d71-51581038231b"
2,"Unknown","c4ccd607-702b-8ae6-8eeb-fc3339cd4b42"
2,"Unknown","d661e9eb-4e15-5ba1-6f02-cdc467db0d6c"
2,"Unknown","7a0ecd94-3699-5273-76a5-edb8499f655a"
2,"Unknown","97d91b33-7050-237b-3e23-a77d57d84e13"
2,"Unknown","9c276cf3-596f-581a-7fbd-f5e46edaa0f4"
2,"Unknown","de077e7e-0cc8-65a6-6e08-9ab46c827b05"
2,"Unknown","678ca228-042d-6d8e-a598-c58d5670437d"
2,"Unknown","62fa14f0-4cbe-762d-5469-0899a99b98aa"
2,"Unknown","ffdaa742-0d6f-726f-3eac-6e6c34e36c93"
2,"Unknown","291f20d4-8d93-1d73-89f3-6ce28b825563"
2,"Unknown","ced727b3-005e-3c5b-5cd5-230b79d56ee8"
2,"Unknown","bbb2e6d6-085f-5a35-a55d-e45daad38933"
2,"Unknown","c7d57a6a-7cc2-66c0-299f-83bf90558f5d"
2,"Unknown","3c9aa856-6b86-35dc-83f4-bc72cec74dea"
2,"Unknown","bfc540fe-376c-2eef-4355-121312fa4437"
2,"Unknown","6bededc0-2985-54d5-4158-eb8bad8070a0"
2,"Unknown","34aac8b2-488a-2b96-7280-5b9b481a317a"
2,"Unknown","1bc7fd64-291f-028e-4ed6-6e07886e163f"
2,"Unknown","03b6427e-6072-4226-4bd9-a410ab65317e"
2,"Unknown","341bc9f1-7489-07d9-4ec6-971573e1546a"
2,"Unknown","e6f7b584-877a-0d69-77d4-ab8b923a9650"
2,"Unknown","60ee1260-97f0-61bb-8155-5d8b75743655"
2,"Unknown","c7fddb0e-3f44-8635-2b35-dc6b8e740b7c"
2,"Unknown","f476f3b0-4152-526e-a209-44e5f8c968d7"
2,"Unknown","398fdbd8-56fd-274d-35c6-fa2d3b2755a1"
2,"Unknown","79365f13-8ba4-1f6c-2ac4-aa39929f56d0"
2,"Unknown","59bedbdc-0ba9-39b9-66bb-1d1c192384e6"
2,"Unknown","eb1c944e-0e94-647b-9b7e-fdb8d2af0838"
2,"Unknown","10c4210b-3ec9-9603-050d-77e4d26c7ebb"
2,"Unknown","50e9324a-7410-0539-0662-2c1e775538b7"
2,"Unknown","aeed863a-0f56-429f-945d-8bb66bd06841"
2,"Unknown","e4054c0e-1184-09e6-4c5e-701e0bc90f81"
2,"Unknown","f26af0b1-65b6-689a-a03f-352ad2d00f98"
2,"Unknown","32f22cfa-770b-057c-965b-450898425519"
2,"Unknown","8489ff90-8d29-61df-2d84-f9ab0f4c5e84"
2,"Unknown","34d38ea7-6754-1838-7031-d7fd07099821"
2,"Unknown","2f204e72-1896-3bf8-75c9-9128b8683a36"
2,"Unknown","f7eb1d0b-6d4f-2d59-1591-7563e11a9313"
2,"Unknown","79f081c7-1634-01a1-708e-376197999289"
2,"Unknown","a830fe9e-08c9-a4fb-420c-6f6bf1702395"
2,"Unknown","49c23d9b-02b0-0e42-4f94-e8cef1b8381b"
2,"Unknown","4b8fd5da-609b-33bf-9724-1c946285a14c"
2,"Unknown","7b28ba4f-0a87-46ac-62e1-46b7c09202a8"
2,"Unknown","873895e8-0e3a-6492-42e9-22cd030e9fcd"
2,"Unknown","97cfd944-6f0c-7db2-3796-8e890ef70819"
2,"Unknown","a08b18c7-9e0a-89f1-3696-d80902196719"
2,"Unknown","4c6df5ff-4ef2-4f17-a516-0da9189c603b"
2,"Unknown","623b5f0a-8cbd-03a6-4892-201d27302f0c"
2,"Unknown","03d550b4-34ee-03f4-515f-f2e2faf7a413"
2,"Unknown","1a2a03a4-9992-5788-5953-d8f6615306de"
2,"Unknown","b1666a13-8f67-9c47-155e-69e027ff6823"
2,"Unknown","59f7feff-02aa-6539-2cf7-bea75b762140"
2,"Unknown","08ad71d0-52be-6503-4908-e015460a16ae"
2,"Unknown","b5244f81-6cab-3188-2412-179162294996"
2,"Unknown","f29b17a4-0df2-8a50-058a-8570f9979d28"
2,"Unknown","14a4fd0a-9100-1e12-1362-792014a28155"
2,"Unknown","4781e5fd-76b8-7d34-6df3-a0a7fca47665"
2,"Unknown","9e3c505e-7aeb-2096-3417-b132242731fc"
2,"Unknown","ca748dfe-3e28-1d18-4221-89aea30aa0a5"
2,"Unknown","53fc1282-0ee3-2764-1319-e20143bb0ea5"
2,"Unknown","72889284-15d2-90b2-4b39-a1e9541e1152"
2,"Unknown","97f0d974-1486-01e2-2088-b888f46c0589"
2,"Unknown","921ae4c1-507f-5ddb-8a58-cfa9b5fd96f0"
2,"Unknown","35963d41-4263-0ef9-98d5-70eb058f9e3c"
2,"Unknown","b4512986-80f5-1656-0c58-08866bd2673a"
2,"Unknown","4aacaec9-0628-272c-3e83-0d68446694e0"
2,"Unknown","29363ae1-68cd-01ca-799d-92c9197c8404"
2,"NonCompliant","1a4e592a-6a6e-44a5-9814-e36264ca96e7"
2,"Unknown","3ae68d9a-5696-8c32-62d3-c6f9c52e437c"
2,"Unknown","e4b00788-7e1c-33ec-0418-d048508e095b"
2,"Unknown","a44c9fba-43f8-4b7b-7ee6-db52c96b4366"
2,"Unknown","ebb0ba89-6d8c-84a7-252b-7393881e43de"
2,"Unknown","c5784049-959f-6067-420c-f4cefae93076"
2,"Unknown","d8bbd80e-3bb1-5983-06c2-428526ec6a63"
2,"Unknown","e435f7e3-0dd9-58c9-451f-9b44b96c0232"
2,"Unknown","3b30aa25-0f19-6c04-5ca4-bd3f880a763d"
2,"Unknown","b2d3e5a2-97ab-5497-565a-71172a729d93"
2,"Unknown","36b74844-4a99-4c80-1800-b18a516d1585"
2,"Unknown","8d140e8b-76c7-77de-1d46-ed1b2e112444"
2,"Unknown","6f311b49-9b0d-8c67-3d6e-db80ae528173"
2,"Unknown","3d399cf3-8fc6-0efc-6ab0-1412f1198517"
2,"NonCompliant","f5c0bfb3-acea-47b1-b477-b0edcdf6edc1"
2,"NonCompliant","5747353b-1ca9-42c1-a4dd-b874b894f3d4"
3,"Compliant","8b346db6-85af-419b-8557-92cee2c0f9bb"
3,"NonCompliant","3b980d31-7904-4bb7-8575-5665739a8052"
3,"Unknown","fc26e2fd-3149-74b4-5988-d64bb90f8ef7"
3,"NonCompliant","470baccb-7e51-4549-8b1a-3e5be069f663"
3,"Compliant","b2982f36-99f2-4db5-8eff-283140c09693"
3,"NonCompliant","b02aacc0-b073-424e-8298-42b22829ee0a"
3,"Compliant","f1776c76-f58c-4245-a8d0-2b207198dc8b"
3,"Unknown","171e377b-5224-4a97-1eaa-62a3b5231dac"
3,"Compliant","bd560fc0-3c69-498a-ae9f-aa8eb7de0e13"
3,"Compliant","f772fb64-8e40-40ad-87bc-7706e1949427"
3,"Compliant","89c8a434-18f0-402c-8147-630a8dea54e0"
3,"NonCompliant","fa498b91-8a7e-4710-9578-da944c68d1fe"
3,"Compliant","7809fda1-ba27-48c1-9c63-1f5aee46ba89"
3,"Unknown","1afada58-8b34-7ac2-a38a-983218635201"
3,"NonCompliant","cfb11c26-f069-4c14-8e36-56c394dae5af"
3,"NonCompliant","f39f5f49-4abf-44de-8c70-0756997bfb51"
3,"NonCompliant","ed6ae75a-828f-4fea-88fd-dead1145f1dd"
3,"NonCompliant","ebaf4f25-a4e8-415f-86a8-42d9155bef0b"
4,"Compliant","d9f1f9a9-8795-49f9-9e7b-e11db14caeb2"
4,"Compliant","037eea7a-bd0a-46c5-9a66-03aea78705d3"
4,"NonCompliant","94de2ad3-e0c1-4caf-ad78-5d47bbc83d3d"
4,"NonCompliant","8b346db6-85af-419b-8557-92cee2c0f9bb"
4,"Compliant","a9b99dd8-06c5-4317-8629-9d86a3c6e7d9"
4,"NonCompliant","f78ccdb4-7bf4-4106-8647-270491d2978a"
4,"NonCompliant","3e596b57-105f-48a6-be97-03e9243bad6e"
4,"NonCompliant","c251913d-7d24-4958-af87-478ed3b9ba41"
4,"Compliant","12ef42cb-9903-4e39-9c26-422d29570417"
4,"NonCompliant","3234ff41-8bec-40a3-b5cb-109c95f1c8ce"
4,"NonCompliant","1b4d1c4e-934c-4703-944c-27c82c06bebb"
4,"NonCompliant","037eea7a-bd0a-46c5-9a66-03aea78705d3"
4,"NonCompliant","b954148f-4c11-4c38-8221-be76711e194a"
4,"Compliant","bd78111f-4953-4367-9fd5-7e08808b54bf"
4,"Compliant","1151cede-290b-4ba0-8b38-0ad145ac888f"
4,"Compliant","09024ccc-0c5f-475e-9457-b7c0d9ed487b"
4,"NonCompliant","56a5ee18-2ae6-4810-86f7-18e39ce5629b"
4,"Compliant","0b15565f-aa9e-48ba-8619-45960f2c314d"
4,"Compliant","640d2586-54d2-465f-877f-9ffc1d2109f4"
4,"NonCompliant","94e1c2ac-cbbe-4cac-a2b5-389c812dee87"
4,"NonCompliant","41388f1c-2db0-4c25-95b2-35d7f5ccbfa9"
4,"NonCompliant","339353f6-2387-4a45-abe4-7f529d121046"
4,"NonCompliant","0cfea604-3201-4e14-88fc-fae4c427a6c5"
4,"NonCompliant","21a9766a-82a5-4747-abb5-650b6dbba6d0"
4,"Compliant","8c6a50c6-9ffd-4ae7-986f-5fa6111f9a54"
4,"NonCompliant","c5447c04-a4d7-4ba8-a263-c9ee321a6858"
4,"NonCompliant","7796937f-307b-4598-941c-67d3a05ebfe7"
4,"NonCompliant","8d7e1fde-fe26-4b5f-8108-f8e432cbc2be"
4,"NonCompliant","e9ac8f8e-ce22-4355-8f04-99b911d6be52"
4,"NonCompliant","4f11b553-d42e-4e3a-89be-32ca364cad4c"
4,"Compliant","cee51871-e572-4576-855c-047c820360f0"
4,"Compliant","464a1620-21b5-448d-8ce6-d4ac6d1bc49a"
4,"Compliant","cbd11fd3-3002-4907-b6c8-579f0e700e13"
4,"NonCompliant","5e1de0e3-42cb-4ebc-a86d-61d0c619ca48"
4,"NonCompliant","a1817ec0-a368-432a-8057-8371e17ac6ee"
4,"NonCompliant","8e826246-c976-48f6-b03e-619bb92b3d82"
4,"Compliant","adbe85b5-83e6-4350-ab58-bf3a4f736e5e"
4,"Compliant","a22f4a40-01d3-4c7d-8071-da157eeff341"
5,"NonCompliant","12d4fa5e-1f9f-4c21-97a9-b99b3c6611b5"
5,"NonCompliant","7926a6d1-b268-4586-8197-e8ae90c877d7"
5,"NonCompliant","42781ec6-6127-4c30-bdfa-fb423a0047d3"
5,"Compliant","dc921057-6b28-4fbe-9b83-f7bec05db6c2"
5,"Compliant","d38668f5-d155-42c7-ab3d-9b57b50f8fbf"
5,"Compliant","9f2dea28-e834-476c-99c5-3507b4728395"
5,"Compliant","2913021d-f2fd-4f3d-b958-22354e2bdbcb"
5,"Compliant","1f90fc71-a595-4066-8974-d4d0802e8ef0"
5,"NonCompliant","524b0254-c285-4903-bee6-bb8126cde579"
5,"Compliant","0a9fbe0d-c5c4-4da8-87d8-f4fd77338835"
6,"Compliant","aede300b-d67f-480a-ae26-4b3dfb1a1fdc"
6,"Compliant","f78ccdb4-7bf4-4106-8647-270491d2978a"
6,"NonCompliant","967a4b4b-2da9-43c1-b7d0-f98d0d74d0b1"
6,"NonCompliant","4da35fc9-c9e7-4960-aec9-797fe7d9051d"
6,"NonCompliant","4ec52d6d-beb7-40c4-9a9e-fe753254690e"
6,"NonCompliant","0fdf0491-d080-4575-b627-ad0e843cba0f"
6,"NonCompliant","7ff426e2-515f-405a-91c8-4f2333442eb5"
6,"Compliant","36d49e87-48c4-4f2e-beed-ba4ed02b71f5"
6,"Compliant","0e6763cc-5078-4e64-889d-ff4d9a839047"
6,"NonCompliant","d074ddf8-01a5-4b5e-a2b8-964aed452c0a"
6,"NonCompliant","8b0323be-cc25-4b61-935d-002c3798c6ea"
6,"Compliant","ed9bd083-7bfb-4fec-bbb4-12635e096a09"
6,"Compliant","e345b6c3-24bd-4c93-9bbb-7e5e49a17b78"
6,"NonCompliant","c3d20c29-b36d-48fe-808b-99a87530ad99"
6,"Compliant","7ff426e2-515f-405a-91c8-4f2333442eb5"
6,"Compliant","db4f9b05-5ffd-4b34-b714-3c710dbb3fd6"
7,"NonCompliant","2393d2cf-a342-44cd-a2e2-fe0188fd1234"
7,"NonCompliant","1c988dd6-ade4-430f-a608-2a3e5b0a6d38"
7,"NonCompliant","75262d3e-ba4a-4f43-85f8-9f72c090e5e3"
7,"Compliant","6581d072-105e-4418-827f-bd446d56421b"
7,"Compliant","6e2593d9-add6-4083-9c9b-4b7d2188c899"
7,"Compliant","4f4f78b8-e367-4b10-a341-d9a4ad5cf1c7"
7,"Compliant","7fe3b40f-802b-4cdd-8bd4-fd799c948cc2"
8,"NonCompliant","d0793b48-0edc-4296-a390-4c75d1bdfd71"
8,"NonCompliant","72d04c29-f87d-4575-9731-419ff16a2757"
8,"Compliant","871b205b-57cf-4e1e-a234-492616998bf7"
8,"Compliant","e8d99835-8a06-45ae-a8e0-87a91941ccfe"
8,"Compliant","b874ab2d-72dd-47f1-8cb5-4a306478a4e7"
8,"NonCompliant","71ef260a-8f18-47b7-abcb-62d0673d94dc"
8,"NonCompliant","752154a7-1e0f-45c6-a880-ac75a7e4f648"
8,"NonCompliant","d6759c02-b87f-42b7-892e-71b3f471d782"
8,"NonCompliant","7698e800-9299-47a6-b3b6-5a0fee576eed"
8,"NonCompliant","342e8053-e12e-4c44-be01-c3c2f318400f"
8,"NonCompliant","e8eef0a8-67cf-4eb4-9386-14b0e78733d4"
8,"Compliant","b0eb591a-5e70-4534-a8bf-04b9c489584a"
8,"NonCompliant","1513498c-3091-461a-b321-e9b433218d28"
9,"NonCompliant","405c5871-3e91-4644-8a63-58e19d68ff5b"
9,"Compliant","a6abeaec-4d90-4a02-805f-6b26c4d3fbe9"
9,"Compliant","679da822-78a7-4eff-8fff-a899454a9970"
9,"Compliant","21a6bc25-125e-4d13-b82d-2e19b7208ab7"
9,"Compliant","bf045164-79ba-4215-8f95-f8048dc1780b"
9,"Compliant","1c06e275-d63d-4540-b761-71f364c2111d"
9,"NonCompliant","295fc8b1-dc9f-4f53-9c61-3f313ceab40a"
9,"Compliant","783ea2a8-b8fd-46be-896a-9ae79643a0b1"
9,"Compliant","0fdf0491-d080-4575-b627-ad0e843cba0f"
10,"NonCompliant","abda6d70-9778-44e7-84a8-06713e6db027"
10,"NonCompliant","5b9159ae-1701-4a6f-9a7a-aa9c8ddd0580"
10,"Compliant","127ef6d7-242f-43b3-9eef-947faf1725d0"
10,"NonCompliant","783ea2a8-b8fd-46be-896a-9ae79643a0b1"
10,"NonCompliant","b3a22bc9-66de-45fb-98fa-00f5df42f41a"
11,"NonCompliant","b2982f36-99f2-4db5-8eff-283140c09693"
11,"NonCompliant","b874ab2d-72dd-47f1-8cb5-4a306478a4e7"
11,"NonCompliant","7809fda1-ba27-48c1-9c63-1f5aee46ba89"
12,"NonCompliant","ae5d2f14-d830-42b6-9899-df6cfe9c71a3"
12,"NonCompliant","4c3c6c5f-0d47-4402-99b8-aa543dd8bcee"
12,"NonCompliant","18ac0011-fb88-42b6-a025-b33b6f0d2cb3"
12,"NonCompliant","1604f626-4d8d-4124-8bb8-b1e5f95562de"
12,"NonCompliant","a451c1ef-c6ca-483d-87ed-f49761e3ffb5"
12,"NonCompliant","3d9f5e4c-9947-4579-9539-2a7695fbc187"
12,"Compliant","a1817ec0-a368-432a-8057-8371e17ac6ee"
12,"Compliant","8af8f826-edcb-4178-b35f-851ea6fea615"
12,"Compliant","2a1a9cdf-e04d-429a-8416-3bfb72a1b26f"
12,"NonCompliant","ca610c1d-041c-4332-9d88-7ed3094967c7"
12,"Compliant","55615ac9-af46-4a59-874e-391cc3dfb490"
12,"Compliant","d0793b48-0edc-4296-a390-4c75d1bdfd71"
12,"Compliant","34c877ad-507e-4c82-993e-3452a6e0ad3c"
12,"Compliant","e8eef0a8-67cf-4eb4-9386-14b0e78733d4"
13,"NonCompliant","dfc212af-17ea-423a-9dcb-91e2cb2caa6b"
13,"NonCompliant","cd906338-3453-47ba-9334-2d654bf845af"
13,"NonCompliant","6201aeb7-2b5c-4671-8ab4-5d3ba4d77f3b"
14,"NonCompliant","0b60c0b2-2dc2-4e1c-b5c9-abbed971de53"
14,"Compliant","92a89a79-6c52-4a7e-a03f-61306fc49312"
14,"Compliant","f0e5abd0-2554-4736-b7c0-4ffef23475ef"
14,"NonCompliant","f87b2739-92be-4121-af7f-39c0a5a24f20"
14,"Compliant","7c322315-e26d-4174-a99e-f49d351b4688"
15,"Compliant","496223c3-ad65-4ecd-878a-bae78737e9ed"
15,"Compliant","7008174a-fd10-4ef0-817e-fc820a951d73"
15,"Compliant","7261b898-8a84-4db8-9e04-18527132abb3"
15,"NonCompliant","c4857be7-912a-4c75-87e6-e30292bcdf78"
16,"NonCompliant","fc5e4038-4584-4632-8c85-c0448d374b2c"
16,"Compliant","b6e2945c-0b7b-40f5-9233-7a5323b5cdc6"
16,"NonCompliant","0aa61e00-0a01-4a3c-9945-e93cffedf0e6"
16,"Compliant","1604f626-4d8d-4124-8bb8-b1e5f95562de"
16,"Compliant","a7aca53f-2ed4-4466-a25e-0b45ade68efd"
16,"Compliant","18ac0011-fb88-42b6-a025-b33b6f0d2cb3"
16,"Compliant","7698e800-9299-47a6-b3b6-5a0fee576eed"
17,"Compliant","0e80e269-43a4-4ae9-b5bc-178126b8a5cb"
18,"NonCompliant","a6abeaec-4d90-4a02-805f-6b26c4d3fbe9"
18,"NonCompliant","ea4d6841-2173-4317-9747-ff522a45120f"
20,"Compliant","0a075868-4c26-42ef-914c-5bc007359560"
20,"NonCompliant","a1181c5f-672a-477a-979a-7d58aa086233"
21,"Compliant","cf820ca0-f99e-4f3e-84fb-66e913812d21"
21,"Compliant","a6fb4358-5bf4-4ad7-ba82-2cd2f41ce5e9"
21,"Compliant","1b8ca024-1d5c-4dec-8995-b1a932b41780"
21,"NonCompliant","7803067c-7d34-46e3-8c79-0ca68fc4036d"
21,"NonCompliant","1b8ca024-1d5c-4dec-8995-b1a932b41780"
21,"NonCompliant","a6fb4358-5bf4-4ad7-ba82-2cd2f41ce5e9"
21,"Compliant","f8d36e2f-389b-4ee4-898d-21aeb69a0f45"
21,"Compliant","22bee202-a82f-4305-9a2a-6d7f44d4dedb"
21,"Compliant","2393d2cf-a342-44cd-a2e2-fe0188fd1234"
22,"NonCompliant","db4f9b05-5ffd-4b34-b714-3c710dbb3fd6"
22,"NonCompliant","ed9bd083-7bfb-4fec-bbb4-12635e096a09"
24,"NonCompliant","6edd7eda-6dd8-40f7-810d-67160c639cd9"
24,"NonCompliant","feedbf84-6b99-488c-acc2-71c829aa5ffc"
24,"Compliant","32e6bbec-16b6-44c2-be37-c5b672d103cf"
24,"NonCompliant","2d21331d-a4c2-4def-a9ad-ee4e1e023beb"
24,"Compliant","1f314764-cb73-4fc9-b863-8eca98ac36e9"
25,"NonCompliant","090c7b07-b4ed-4561-ad20-e9075f3ccaff"
25,"Compliant","546fe8d2-368d-4029-a418-6af48a7f61e5"
26,"NonCompliant","fd9903f1-38c2-4d36-8e44-5c1c20c561e8"
26,"NonCompliant","05f95bb8-8ef8-4cef-8cad-5d30f9912850"
27,"Compliant","72d04c29-f87d-4575-9731-419ff16a2757"
27,"NonCompliant","871b205b-57cf-4e1e-a234-492616998bf7"
28,"NonCompliant","6fac406b-40ca-413b-bf8e-0bf964659c25"
28,"Compliant","044985bb-afe1-42cd-8a36-9d5d42424537"
28,"Compliant","fe83a0eb-a853-422d-aac2-1bffd182c5d0"
29,"NonCompliant","aede300b-d67f-480a-ae26-4b3dfb1a1fdc"
30,"Compliant","89099bee-89e0-4b26-a5f4-165451757743"
30,"NonCompliant","34c877ad-507e-4c82-993e-3452a6e0ad3c"
30,"NonCompliant","91a78b24-f231-4a8a-8da9-02c35b2b6510"
30,"NonCompliant","2b9ad585-36bc-4615-b300-fd4435808332"
32,"NonCompliant","98728c90-32c7-4049-8429-847dc0f4fe37"
32,"Compliant","6edd7eda-6dd8-40f7-810d-67160c639cd9"
33,"NonCompliant","bf045164-79ba-4215-8f95-f8048dc1780b"
34,"NonCompliant","199d5677-e4d9-4264-9465-efe1839c06bd"
34,"NonCompliant","0c4bd2e8-8872-4f37-a654-03f6f38ddc76"
35,"NonCompliant","687aa49d-0982-40f8-bf6b-66d1da97a04b"
35,"NonCompliant","1b5ef780-c53c-4a64-87f3-bb9c8c8094ba"
35,"NonCompliant","801543d1-1953-4a90-b8b0-8cf6d41473a5"
35,"NonCompliant","af1d7e88-c1c8-4ea8-be1f-87bff0df9101"
35,"NonCompliant","a691eacb-474d-47e4-b287-b4813ca44222"
36,"NonCompliant","0a370ff3-6cab-4e85-8995-295fd854c5b8"
38,"Compliant","d416745a-506c-48b6-8ab1-83cb814bcaa3"
40,"Compliant","12d4fa5e-1f9f-4c21-97a9-b99b3c6611b5"
42,"Compliant","ef2a8f2a-b3d9-49cd-a8a8-9a3aaaf647d9"
42,"NonCompliant","55615ac9-af46-4a59-874e-391cc3dfb490"
42,"NonCompliant","4fa4b6c0-31ca-4c0d-b10d-24b96f62a751"
42,"NonCompliant","60d21c4f-21a3-4d94-85f4-b924e6aeeda4"
42,"Compliant","c9d007d0-c057-4772-b18c-01e546713bcd"
42,"NonCompliant","4733ea7b-a883-42fe-8cac-97454c2a9e4a"
42,"Compliant","abfb4388-5bf4-4ad7-ba82-2cd2f41ceae9"
42,"NonCompliant","cf820ca0-f99e-4f3e-84fb-66e913812d21"
44,"NonCompliant","2a1a9cdf-e04d-429a-8416-3bfb72a1b26f"
45,"Compliant","1e66c121-a66a-4b1f-9b83-0fd99bf0fc2d"
45,"NonCompliant","d38fc420-0735-4ef3-ac11-c806f651a570"
45,"Compliant","17k78e20-9358-41c9-923c-fb736d382a12"
49,"Compliant","0b60c0b2-2dc2-4e1c-b5c9-abbed971de53"
52,"NonCompliant","8c6a50c6-9ffd-4ae7-986f-5fa6111f9a54"
52,"Compliant","a1181c5f-672a-477a-979a-7d58aa086233"
56,"Compliant","4fa4b6c0-31ca-4c0d-b10d-24b96f62a751"
64,"NonCompliant","8c122334-9d20-4eb8-89ea-ac9a705b74ae"
70,"Compliant","37e0d2fe-28a5-43d6-a273-67d37d1f5606"
76,"Compliant","8c122334-9d20-4eb8-89ea-ac9a705b74ae"
80,"Compliant","e71308d3-144b-4262-b144-efdc3cc90517"
81,"Compliant","2d21331d-a4c2-4def-a9ad-ee4e1e023beb"
84,"NonCompliant","0a914e76-4921-4c19-b460-a2d36003525a"
84,"Compliant","404c3081-a854-4457-ae30-26a93ef643f9"
102,"NonCompliant","fa298e57-9444-42ba-bf04-86e8470e32c7"
102,"Compliant","d550e854-df1a-4de9-bf44-cd894b39a95e"
136,"NonCompliant","6c53d030-cc64-46f0-906d-2bc061cd1334"
136,"NonCompliant","1bc02227-0cb6-4e11-8f53-eb0b22eab7e8"
136,"NonCompliant","e15effd4-2278-4c65-a0da-4d6f6d1890e2"
140,"Compliant","5744710e-cc2f-4ee8-8809-3b11e89f4bc9"
140,"NonCompliant","95bccee9-a7f8-4bec-9ee9-62c3473701fc"
175,"Compliant","f0e6e85b-9b9f-4a4b-b67b-f730d42f1b0b"
175,"Compliant","a4af4a39-4135-47fb-b175-47fbdf85311d"
175,"Compliant","cb510bfd-1cba-4d9f-a230-cb0976f4bb71"
175,"Compliant","4d24b6d4-5e53-4a4f-a7f4-618fa573ee4b"
180,"Compliant","91a78b24-f231-4a8a-8da9-02c35b2b6510"
180,"Compliant","2b9ad585-36bc-4615-b300-fd4435808332"
1794,"Compliant","0a914e76-4921-4c19-b460-a2d36003525a"
