"name","Type","Location","resourceGroup"
"7d8df6a9-9822-4a74-9e3b-52e2e7eaa3db-dashboard","Shared dashboard","East US 2","testing"
"871ff6a9-81e0-43a6-aa8e-d97294fe9b99-dashboard","Shared dashboard","East US 2","testing"
"Application Insights Smart Detection","Action group","Global","testing"
"Failure Anomalies - testing-api-enrollment","Smart detector alert rule","Global","testing"
"Failure Anomalies - testing-api-enrollment-la","Smart detector alert rule","Global","testing"
"K12","SQL database","East US 2","testing"
"K12_Development","SQL database","East US 2","testing"
"K12_backup","SQL database","East US 2","testing"
"K12testing-adf-sp","Managed Identity","East US 2","testing"
"admin-testing-afd-profile","Front Door","Global","testing"
"admin-testing-frontend","Endpoint","Global","testing"
"admin-testing-web-app","Static Web App","East US 2","testing"
"enrollment-testing-afd-profile","Front Door","Global","testing"
"enrollment-testing-frontend","Endpoint","Global","testing"
"enrollment-testing-web-app","Static Web App","East US 2","testing"
"master","SQL database","East US 2","testing"
"providers-testing-afd-profile","Front Door","Global","testing"
"providers-testing-frontend","Endpoint","Global","testing"
"providers-testing-web-app","Static Web App","East US 2","testing"
"schools-testing-afd-profile","Front Door","Global","testing"
"schools-testing-frontend","Endpoint","Global","testing"
"schools-testing-web-app","Static Web App","East US 2","testing"
"stapilogicapptesting","Storage account","East US 2","testing"
"testing-api-availability-test","Availability test","East US 2","testing"
"testing-api-enrollment","API Management service","East US 2","testing"
"testing-api-enrollment","App Service","East US 2","testing"
"testing-api-enrollment","SQL server","East US 2","testing"
"testing-api-enrollment","Application Insights","East US 2","testing"
"testing-api-enrollment","App Service plan","East US 2","testing"
"testing-api-enrollment-dashboard","Shared dashboard","East US 2","testing"
"testing-api-enrollment-insights","Application Insights","East US 2","testing"
"testing-api-enrollment-la","App Service","East US 2","testing"
"testing-api-enrollment-la","Application Insights","East US 2","testing"
"testing-api-enrollment-signalr","SignalR","East US 2","testing"
"testing-api-enrollment-sp","App Service plan","East US 2","testing"
"testing-api-enrollment-testing-api-enrollment","Availability test","East US 2","testing"
"testingapienrollment","Storage account","East US 2","testing"
"testingapikv","Key vault","East US 2","testing"
"testingenrollmenthns","Storage account","East US 2","testing"
"Application Insights Smart Detection","Action group","Global","staging"
"Failure Anomalies - staging-api-enrollment-insights","Smart detector alert rule","Global","staging"
"K12","SQL database","East US 2","staging"
"K12staging-adf-sp","Managed Identity","East US 2","staging"
"admin-staging-afd-profile","Front Door","Global","staging"
"admin-staging-frontend","Endpoint","Global","staging"
"admin-staging-web-app","Static Web App","East US 2","staging"
"enrollment-staging-afd-profile","Front Door","Global","staging"
"enrollment-staging-frontend","Endpoint","Global","staging"
"enrollment-staging-web-app","Static Web App","East US 2","staging"
"master","SQL database","East US 2","staging"
"providers-staging-afd-profile","Front Door","Global","staging"
"providers-staging-frontend","Endpoint","Global","staging"
"providers-staging-web-app","Static Web App","East US 2","staging"
"schools-staging-afd-profile","Front Door","Global","staging"
"schools-staging-frontend","Endpoint","Global","staging"
"schools-staging-web-app","Static Web App","East US 2","staging"
"staging-api-availability-test","Availability test","East US 2","staging"
"staging-api-enrollment","API Management service","East US 2","staging"
"staging-api-enrollment","App Service plan","East US 2","staging"
"staging-api-enrollment","SQL server","East US 2","staging"
"staging-api-enrollment","App Service","East US 2","staging"
"staging-api-enrollment-dashboard","Shared dashboard","East US 2","staging"
"staging-api-enrollment-insights","Application Insights","East US 2","staging"
"staging-api-enrollment-la","App Service","East US 2","staging"
"staging-api-enrollment-signalr","SignalR","East US 2","staging"
"staging-api-enrollment-sp","App Service plan","East US 2","staging"
"stagingapienrollment","Storage account","East US 2","staging"
"stagingapikv","Key vault","East US 2","staging"
"stagingenrollmenthns","Storage account","East US 2","staging"
"stapilogicappstaging","Storage account","East US 2","staging"
"datafactorygzfuagkwud4to","Data factory (V2)","East US","rab-data-factory-test1"
"storagegzfuagkwud4to","Storage account","East US","rab-data-factory-test1"
"NetworkWatcher_eastus","Network Watcher","East US","networkwatcherrg"
"DefaultQueryPack","Log Analytics query pack","East US 2","loganalyticsdefaultresources"
"k12devwebpubsub","Web PubSub Service","East US","k12-web-east"
"sample-nsg","Network security group","East US","k12-web-east"
"sample-vnet","Virtual network","East US","k12-web-east"
"K12DefenderDevOps","microsoft.security/securityconnectors","Central US","k12-infra"
"defenderfordevops","microsoft.security/securityconnectors","Central US","k12-infra"
"k12-shared-accounts","Key vault","East US","k12-infra"
"k12infra","Storage account","East US","k12-infra"
"Failure Anomalies - k12-fe-insights-dev","Smart detector alert rule","Global","k12-fe-insights-development"
"cf6841bb-b70c-4d55-a489-2d53855e78b5-k12-FE-insights-deve-EUS","Log Analytics workspace","East US","k12-fe-insights-development"
"k12-fe-insights-dev","Application Insights","East US","k12-fe-insights-development"
"cog-k12-transloator-dev","Foundry","East US","k12-content-dev"
"DevOpsServiceConnection","Managed Identity","East US 2","k12-cms"
"Failure Anomalies - app-k12-site-prd","Smart detector alert rule","Global","k12-cms"
"Failure Anomalies - app-k12-site-prd-dr","Smart detector alert rule","Global","k12-cms"
"K12 Admin Actions","Activity log alert rule","Global","k12-cms"
"K12 Prod Down","Activity log alert rule","Global","k12-cms"
"K12-CMS Production Resource Health Alert","Activity log alert rule","Global","k12-cms"
"K12-CMS-Communication","Communication Service","Global","k12-cms"
"K12-Email","Email Communication Service","Global","k12-cms"
"LA-cf6841bb-b70c-K12-CMS-EastUS2","Log Analytics workspace","East US 2","k12-cms"
"Notify_Netsupport","Action group","Global","k12-cms"
"app-k12-site-prd","Application Insights","East US 2","k12-cms"
"app-k12-site-prd","App Service","East US 2","k12-cms"
"app-k12-site-prd-dr","Application Insights","Central US","k12-cms"
"app-k12-site-prd-dr","App Service","Central US","k12-cms"
"app-k12-site-prd/warmup","App Service (Slot)","East US 2","k12-cms"
"app-k12-site-stg","App Service","East US 2","k12-cms"
"app-k12-site-stg","Application Insights","East US 2","k12-cms"
"cf6841bb-b70c-4d55-a489-2d53855e78b5-K12-CMS-CUS","Log Analytics workspace","Central US","k12-cms"
"default","Endpoint","Global","k12-cms"
"fd-k12-site-shared","Endpoint","Global","k12-cms"
"fd-k12-site-shared","Front Door","Global","k12-cms"
"la-k12-site-shared","Log Analytics workspace","East US 2","k12-cms"
"master","SQL database","East US 2","k12-cms"
"master","SQL database","Central US","k12-cms"
"ncseaa.edu","Email Communication Services Domain","Global","k12-cms"
"plan-k12-site-prd-dr","App Service plan","Central US","k12-cms"
"plan-k12-site-shared","App Service plan","East US 2","k12-cms"
"sql-k12-site-shared","SQL server","East US 2","k12-cms"
"sql-k12-site-shared-dr","SQL server","Central US","k12-cms"
"sqlauditk12cms","Storage account","East US 2","k12-cms"
"sqldb-k12-site-prd","SQL database","Central US","k12-cms"
"sqldb-k12-site-prd","SQL database","East US 2","k12-cms"
"sqldb-k12-site-stg","SQL database","East US 2","k12-cms"
"sqlep-k12-site-shared","SQL elastic pool","East US 2","k12-cms"
"stk12data","Storage account","East US 2","k12-cms"
"999d8e7f-d6c9-425c-92b5-1967d47e6b6a-dashboard","Shared dashboard","East US 2","development"
"ASP-development-b3df","App Service plan","Canada Central","development"
"Application Insights Smart Detection","Action group","Global","development"
"Dashboard","Shared dashboard (preview)","East US","development"
"Eagle Fang","Action group","Global","development"
"Failure Anomalies - PocLogicApCFI","Smart detector alert rule","Global","development"
"K12","SQL database","East US 2","development"
"K12_backup","SQL database","East US 2","development"
"K12datafactorydev","Data factory (V2)","East US","development"
"K12dev-adf-sp","Managed Identity","East US 2","development"
"K12development-adf-sp","Managed Identity","East US 2","development"
"PocLogicApCFI","Application Insights","Canada Central","development"
"admin-development-afd-profile","Front Door","Global","development"
"admin-development-frontend","Endpoint","Global","development"
"admin-development-web-app","Static Web App","East US 2","development"
"development-api-availability-test","Availability test","East US 2","development"
"development-api-enrollment","SQL server","East US 2","development"
"development-api-enrollment","App Service","East US 2","development"
"development-api-enrollment","App Service plan","East US 2","development"
"development-api-enrollment","API Management service","East US 2","development"
"development-api-enrollment-dashboard","Shared dashboard","East US 2","development"
"development-api-enrollment-development-api-enrollment-insights","Availability test","East US 2","development"
"development-api-enrollment-insights","Application Insights","East US 2","development"
"development-api-enrollment-la","App Service","East US 2","development"
"development-api-enrollment-signalr","SignalR","East US 2","development"
"development-api-enrollment-sp","App Service plan","East US 2","development"
"development-signalr","SignalR","East US 2","development"
"developmentaa21","Storage account","Canada Central","development"
"developmentapienrollment","Storage account","East US 2","development"
"developmentapikv","Key vault","East US 2","development"
"developmentenrollmenthns","Storage account","East US 2","development"
"enrollment-development-afd-profile","Front Door","Global","development"
"enrollment-development-frontend","Endpoint","Global","development"
"enrollment-development-web-app","Static Web App","East US 2","development"
"hydration-test","SQL database","East US 2","development"
"k12-azure-func-dev-user","Managed Identity","East US","development"
"k12DevEventGrid","Event Grid Namespace","East US","development"
"k12eventhub","Service Bus Namespace","East US","development"
"master","SQL database","East US 2","development"
"master-scheduler-poc","Logic app","North Central US","development"
"providers-development-afd-profile","Front Door","Global","development"
"providers-development-frontend","Endpoint","Global","development"
"providers-development-web-app","Static Web App","East US 2","development"
"schools-development-afd-profile","Front Door","Global","development"
"schools-development-frontend","Endpoint","Global","development"
"schools-development-web-app","Static Web App","East US 2","development"
"sql","API Connection","North Central US","development"
"sql-1","API Connection","North Central US","development"
"sql-2","API Connection","East US 2","development"
"sql-3","API Connection","East US 2","development"
"sql-4","API Connection","East US 2","development"
"sql-5","API Connection","East US 2","development"
"sql-6","API Connection","East US 2","development"
"sql-7","API Connection","East US 2","development"
"sql-8","API Connection","East US 2","development"
"stapilogicappdevelopment","Storage account","East US 2","development"
"DefaultWorkspace-cf6841bb-b70c-4d55-a489-2d53855e78b5-EUS2","Log Analytics workspace","East US 2","defaultresourcegroup-eus2"
"SecurityCenterFree(DefaultWorkspace-cf6841bb-b70c-4d55-a489-2d53855e78b5-EUS2)","Solution","East US 2","defaultresourcegroup-eus2"
"DefaultWorkspace-cf6841bb-b70c-4d55-a489-2d53855e78b5-EUS","Log Analytics workspace","East US","defaultresourcegroup-eus"
"SecurityCenterFree(DefaultWorkspace-cf6841bb-b70c-4d55-a489-2d53855e78b5-EUS)","Solution","East US","defaultresourcegroup-eus"
"k12devcontainerreg","Container registry","East US","defaultresourcegroup-eus"
"managed-testing-api-enrollment-insights-ws","Log Analytics workspace","East US 2","ai_testing-api-enrollment-insights_871ff6a9-81e0-43a6-aa8e-d97294fe9b99_managed"
"managed-staging-api-enrollment-insights-ws","Log Analytics workspace","East US 2","ai_staging-api-enrollment-insights_f9e70d9a-0a30-432b-be96-74c858cf272d_managed"
"managed-development-api-enrollment-insights-ws","Log Analytics workspace","East US 2","ai_development-api-enrollment-insights_999d8e7f-d6c9-425c-92b5-1967d47e6b6a_managed"